Index,Load (kN),Defor (mm)
0,0.008,0.0012
1,0.012,0.0025
2,0.016,0.0025
3,0.024,0.0037
4,0.032,0.0037
5,0.04,0.005
6,0.052,0.0062
7,0.064,0.0062
8,0.076,0.0075
9,0.09,0.0088
10,0.104,0.0088
11,0.12,0.01
12,0.136,0.0112
13,0.15,0.0125
14,0.166,0.0125
15,0.184,0.0137
16,0.202,0.0137
17,0.222,0.015
18,0.24,0.0162
19,0.26,0.0162
20,0.278,0.0175
21,0.3,0.0187
22,0.32,0.0187
23,0.342,0.02
24,0.364,0.0213
25,0.386,0.0225
26,0.408,0.0225
27,0.43,0.0237
28,0.452,0.0237
29,0.476,0.025
30,0.5,0.0262
31,0.524,0.0262
32,0.548,0.0275
33,0.574,0.0287
34,0.598,0.03
35,0.626,0.03
36,0.65,0.0312
37,0.676,0.0325
38,0.702,0.0325
39,0.73,0.0337
40,0.754,0.035
41,0.782,0.035
42,0.808,0.0362
43,0.836,0.0362
44,0.864,0.0375
45,0.892,0.0388
46,0.918,0.0388
47,0.946,0.04
48,0.976,0.0412
49,1.004,0.0425
50,1.034,0.0425
51,1.062,0.0437
52,1.092,0.0437
53,1.122,0.045
54,1.154,0.0463
55,1.184,0.0463
56,1.214,0.0475
57,1.244,0.0487
58,1.274,0.0487
59,1.306,0.05
60,1.338,0.0512
61,1.37,0.0512
62,1.402,0.0525
63,1.434,0.0537
64,1.468,0.0537
65,1.5,0.055
66,1.534,0.0562
67,1.566,0.0562
68,1.6,0.0575
69,1.634,0.0587
70,1.668,0.0587
71,1.702,0.06
72,1.736,0.0612
73,1.77,0.0612
74,1.806,0.0625
75,1.84,0.0637
76,1.876,0.0637
77,1.91,0.065
78,1.946,0.0662
79,1.98,0.0662
80,2.018,0.0675
81,2.054,0.0688
82,2.09,0.0688
83,2.126,0.07
84,2.164,0.0712
85,2.2,0.0712
86,2.236,0.0725
87,2.274,0.0737
88,2.31,0.0737
89,2.348,0.075
90,2.386,0.0763
91,2.424,0.0763
92,2.46,0.0775
93,2.5,0.0787
94,2.538,0.0787
95,2.578,0.08
96,2.618,0.0812
97,2.656,0.0812
98,2.696,0.0825
99,2.736,0.0825
100,2.776,0.0837
101,2.816,0.085
102,2.856,0.0862
103,2.896,0.0862
104,2.938,0.0875
105,2.98,0.0887
106,3.02,0.0887
107,3.064,0.09
108,3.106,0.09
109,3.146,0.0912
110,3.19,0.0925
111,3.232,0.0925
112,3.276,0.0938
113,3.32,0.095
114,3.364,0.095
115,3.408,0.0962
116,3.452,0.0975
117,3.496,0.0975
118,3.54,0.0987
119,3.584,0.1
120,3.63,0.1
121,3.676,0.1013
122,3.722,0.1025
123,3.768,0.1025
124,3.814,0.1037
125,3.86,0.105
126,3.906,0.105
127,3.954,0.1062
128,4.0,0.1075
129,4.048,0.1075
130,4.096,0.1088
131,4.144,0.11
132,4.194,0.11
133,4.242,0.1112
134,4.29,0.1125
135,4.34,0.1125
136,4.388,0.1137
137,4.44,0.1137
138,4.49,0.115
139,4.54,0.1163
140,4.59,0.1163
141,4.64,0.1175
142,4.694,0.1187
143,4.744,0.1187
144,4.796,0.12
145,4.848,0.1212
146,4.902,0.1212
147,4.956,0.1225
148,5.008,0.1237
149,5.06,0.1237
150,5.114,0.125
151,5.168,0.1262
152,5.222,0.1262
153,5.276,0.1275
154,5.33,0.1287
155,5.386,0.1287
156,5.44,0.13
157,5.496,0.1312
158,5.552,0.1312
159,5.606,0.1325
160,5.662,0.1337
161,5.718,0.1337
162,5.774,0.135
163,5.832,0.1363
164,5.888,0.1363
165,5.944,0.1375
166,6.002,0.1375
167,6.06,0.1388
168,6.118,0.14
169,6.174,0.14
170,6.232,0.1412
171,6.29,0.1425
172,6.348,0.1425
173,6.408,0.1437
174,6.468,0.145
175,6.526,0.145
176,6.584,0.1462
177,6.644,0.1475
178,6.704,0.1475
179,6.764,0.1487
180,6.822,0.15
181,6.882,0.15
182,6.942,0.1512
183,7.004,0.1525
184,7.064,0.1525
185,7.124,0.1538
186,7.184,0.155
187,7.244,0.155
188,7.306,0.1562
189,7.366,0.1575
190,7.428,0.1575
191,7.488,0.1587
192,7.55,0.16
193,7.612,0.16
194,7.672,0.1612
195,7.734,0.1625
196,7.794,0.1625
197,7.856,0.1637
198,7.918,0.1637
199,7.978,0.165
200,8.04,0.1662
201,8.1,0.1675
202,8.152,0.1675
203,8.212,0.1688
204,8.272,0.1688
205,8.334,0.17
206,8.394,0.1713
207,8.456,0.1713
208,8.518,0.1725
209,8.58,0.1737
210,8.64,0.1737
211,8.702,0.175
212,8.762,0.1762
213,8.824,0.1762
214,8.884,0.1775
215,8.946,0.1787
216,9.006,0.1787
217,9.544,0.1887
218,9.608,0.1887
219,9.668,0.19
220,9.728,0.1912
221,9.784,0.1912
222,9.848,0.1925
223,9.908,0.1925
224,9.968,0.1937
225,10.028,0.195
226,10.088,0.195
227,10.148,0.1962
228,10.212,0.1975
229,10.272,0.1975
230,10.336,0.1987
231,10.396,0.2
232,10.456,0.2
233,10.516,0.2013
234,10.58,0.2025
235,10.64,0.2025
236,10.7,0.2037
237,10.764,0.205
238,10.824,0.205
239,10.888,0.2062
240,10.952,0.2062
241,11.012,0.2075
242,11.072,0.2087
243,11.136,0.2087
244,11.196,0.21
245,11.256,0.2112
246,11.32,0.2112
247,11.38,0.2125
248,11.444,0.2137
249,11.504,0.2137
250,11.568,0.215
251,11.632,0.2163
252,11.692,0.2163
253,11.752,0.2175
254,11.812,0.2188
255,11.876,0.2188
256,11.936,0.22
257,11.996,0.2212
258,12.06,0.2212
259,12.124,0.2225
260,12.184,0.2225
261,12.244,0.2237
262,12.308,0.225
263,12.368,0.225
264,12.428,0.2262
265,12.488,0.2275
266,12.552,0.2275
267,12.612,0.2287
268,12.672,0.23
269,12.732,0.23
270,12.792,0.2312
271,12.852,0.2325
272,12.912,0.2325
273,12.972,0.2338
274,13.032,0.235
275,13.088,0.235
276,13.148,0.2362
277,13.208,0.2362
278,13.264,0.2375
279,13.324,0.2387
280,13.38,0.2387
281,13.44,0.24
282,13.496,0.2412
283,13.556,0.2412
284,13.612,0.2425
285,13.668,0.2437
286,13.724,0.2437
287,13.78,0.245
288,13.836,0.2462
289,13.892,0.2462
290,13.948,0.2475
291,14.004,0.2488
292,14.056,0.2488
293,14.112,0.25
294,14.168,0.2512
295,14.22,0.2512
296,14.276,0.2525
297,14.328,0.2537
298,14.384,0.2537
299,14.436,0.255
300,14.488,0.2562
301,14.54,0.2562
302,14.596,0.2575
303,14.648,0.2587
304,14.7,0.2587
305,14.752,0.26
306,14.8,0.2612
307,14.852,0.2612
308,14.904,0.2625
309,14.956,0.2637
310,15.004,0.2637
311,15.056,0.265
312,15.108,0.2662
313,15.156,0.2662
314,15.208,0.2675
315,15.256,0.2687
316,15.304,0.2687
317,15.352,0.27
318,15.4,0.2712
319,15.448,0.2712
320,15.496,0.2725
321,15.544,0.2738
322,15.592,0.2738
323,15.636,0.275
324,15.684,0.2763
325,15.732,0.2763
326,15.776,0.2775
327,15.82,0.2788
328,15.864,0.2788
329,15.912,0.28
330,15.956,0.2812
331,16.004,0.2812
332,16.048,0.2825
333,16.092,0.2837
334,16.136,0.2837
335,16.18,0.285
336,16.224,0.2862
337,16.268,0.2862
338,16.312,0.2875
339,16.356,0.2887
340,16.404,0.2887
341,16.444,0.29
342,16.492,0.2912
343,16.536,0.2912
344,16.58,0.2925
345,16.624,0.2937
346,16.672,0.2937
347,16.712,0.295
348,16.76,0.2962
349,16.804,0.2962
350,16.848,0.2975
351,16.892,0.2987
352,16.936,0.2987
353,16.98,0.3
354,17.024,0.3012
355,17.068,0.3012
356,17.112,0.3025
357,17.156,0.3025
358,17.196,0.3037
359,17.24,0.305
360,17.28,0.305
361,17.324,0.3063
362,17.368,0.3075
363,17.408,0.3075
364,17.452,0.3088
365,17.492,0.31
366,17.532,0.31
367,17.576,0.3113
368,17.616,0.3125
369,17.656,0.3125
370,17.696,0.3137
371,17.736,0.315
372,17.776,0.315
373,17.816,0.3162
374,17.856,0.3175
375,17.892,0.3175
376,17.932,0.3187
377,17.972,0.32
378,18.008,0.32
379,18.048,0.3212
380,18.084,0.3225
381,18.52,0.3312
382,18.55,0.3325
383,18.59,0.3325
384,18.62,0.3337
385,18.66,0.335
386,18.69,0.335
387,18.72,0.3363
388,18.75,0.3375
389,18.78,0.3375
390,18.81,0.3388
391,18.85,0.34
392,18.88,0.34
393,18.9,0.3413
394,18.94,0.3425
395,18.96,0.3425
396,19.0,0.3438
397,19.02,0.345
398,19.05,0.345
399,19.08,0.3462
400,19.11,0.3475
401,19.14,0.3475
402,19.16,0.3487
403,19.19,0.35
404,19.22,0.35
405,19.24,0.3512
406,19.27,0.3525
407,19.3,0.3525
408,19.32,0.3537
409,19.35,0.355
410,19.37,0.355
411,19.4,0.3562
412,19.42,0.3575
413,19.45,0.3575
414,19.47,0.3587
415,19.49,0.36
416,19.52,0.36
417,19.54,0.3612
418,19.56,0.3625
419,19.59,0.3625
420,19.61,0.3637
421,19.63,0.365
422,19.65,0.365
423,19.67,0.3662
424,19.7,0.3675
425,19.72,0.3675
426,19.74,0.3688
427,19.76,0.37
428,19.78,0.37
429,19.8,0.3713
430,19.82,0.3725
431,19.84,0.3725
432,19.86,0.3738
433,19.88,0.375
434,19.9,0.375
435,19.92,0.3762
436,19.94,0.3775
437,19.96,0.3775
438,19.98,0.3787
439,20.0,0.38
440,20.01,0.38
441,20.03,0.3812
442,20.05,0.3825
443,20.07,0.3825
444,20.09,0.3837
445,20.1,0.385
446,20.12,0.385
447,20.14,0.3862
448,20.16,0.3862
449,20.17,0.3875
450,20.19,0.3887
451,20.2,0.3887
452,20.22,0.39
453,20.24,0.3912
454,20.26,0.3925
455,20.27,0.3925
456,20.29,0.3937
457,20.3,0.3937
458,20.32,0.395
459,20.33,0.3962
460,20.35,0.3962
461,20.36,0.3975
462,20.38,0.3987
463,20.4,0.3987
464,20.41,0.4
465,20.42,0.4013
466,20.44,0.4025
467,20.45,0.4025
468,20.47,0.4038
469,20.48,0.4038
470,20.5,0.405
471,20.51,0.4062
472,20.52,0.4062
473,20.54,0.4075
474,20.55,0.4087
475,20.56,0.4087
476,20.58,0.41
477,20.59,0.4112
478,20.6,0.4112
479,20.62,0.4125
480,20.63,0.4137
481,20.65,0.4137
482,20.65,0.415
483,20.67,0.4162
484,20.68,0.4162
485,20.69,0.4175
486,20.71,0.4187
487,20.72,0.4187
488,20.73,0.42
489,20.74,0.4212
490,20.75,0.4212
491,20.77,0.4225
492,20.78,0.4237
493,20.79,0.4237
494,20.8,0.425
495,20.81,0.4262
496,20.83,0.4262
497,20.84,0.4275
498,20.85,0.4287
499,20.86,0.4287
500,20.87,0.43
501,20.88,0.4312
502,20.89,0.4312
503,20.9,0.4325
504,20.91,0.4338
505,20.92,0.4338
506,20.93,0.435
507,20.95,0.4363
508,20.96,0.4363
509,20.97,0.4375
510,20.98,0.4387
511,20.99,0.4387
512,21.0,0.44
513,21.01,0.4412
514,21.01,0.4412
515,21.03,0.4425
516,21.04,0.4437
517,21.05,0.4437
518,21.06,0.445
519,21.07,0.4462
520,21.08,0.4462
521,21.09,0.4475
522,21.1,0.4487
523,21.11,0.4487
524,21.11,0.45
525,21.13,0.4512
526,21.13,0.4512
527,21.14,0.4525
528,21.15,0.4537
529,21.16,0.4537
530,21.17,0.455
531,21.18,0.4562
532,21.19,0.4562
533,21.2,0.4575
534,21.21,0.4587
535,21.22,0.4587
536,21.22,0.46
537,21.23,0.4612
538,21.24,0.4612
539,21.25,0.4625
540,21.26,0.4637
541,21.27,0.4637
542,21.28,0.465
543,21.29,0.4663
544,21.29,0.4663
545,21.3,0.4675
546,21.31,0.4688
547,21.32,0.4688
548,21.33,0.47
549,21.33,0.4712
550,21.34,0.4712
551,21.35,0.4725
552,21.36,0.4737
553,21.37,0.4737
554,21.38,0.475
555,21.38,0.4762
556,21.39,0.4762
557,21.4,0.4775
558,21.41,0.4787
559,21.42,0.4787
560,21.42,0.48
561,21.43,0.4812
562,21.44,0.4825
563,21.45,0.4825
564,21.46,0.4837
565,21.46,0.4837
566,21.47,0.485
567,21.48,0.4862
568,21.49,0.4862
569,21.49,0.4875
570,21.5,0.4887
571,21.51,0.4887
572,21.51,0.49
573,21.52,0.4912
574,21.53,0.4925
575,21.54,0.4925
576,21.54,0.4937
577,21.55,0.4937
578,21.56,0.495
579,21.57,0.4963
580,21.57,0.4963
581,21.58,0.4975
582,21.58,0.4988
583,21.59,0.4988
584,21.6,0.5
585,21.61,0.5012
586,21.62,0.5025
587,21.62,0.5025
588,21.63,0.5037
589,21.63,0.5037
590,21.65,0.505
591,21.65,0.5062
592,21.66,0.5062
593,21.67,0.5075
594,21.67,0.5087
595,21.68,0.5087
596,21.69,0.51
597,21.69,0.5112
598,21.7,0.5125
599,21.7,0.5125
600,21.71,0.5138
601,21.72,0.5138
602,21.73,0.515
603,21.73,0.5163
604,21.74,0.5163
605,21.75,0.5175
606,21.75,0.5188
607,21.76,0.5188
608,21.77,0.52
609,21.77,0.5213
610,21.78,0.5225
611,21.78,0.5225
612,21.79,0.5238
613,21.8,0.5238
614,21.81,0.525
615,21.81,0.5263
616,21.82,0.5263
617,21.82,0.5275
618,21.83,0.5288
619,21.84,0.5288
620,21.84,0.53
621,21.85,0.5312
622,21.86,0.5325
623,21.86,0.5325
624,21.87,0.5337
625,21.88,0.5337
626,21.88,0.535
627,21.89,0.5362
628,21.89,0.5362
629,21.9,0.5375
630,21.91,0.5387
631,21.91,0.5387
632,21.92,0.54
633,21.92,0.5412
634,21.93,0.5425
635,21.94,0.5425
636,21.94,0.5437
637,21.95,0.545
638,21.96,0.545
639,21.96,0.5462
640,21.97,0.5462
641,21.97,0.5475
642,21.98,0.5487
643,21.99,0.5487
644,21.99,0.55
645,22.0,0.5512
646,22.0,0.5525
647,22.01,0.5525
648,22.01,0.5537
649,22.02,0.5537
650,22.03,0.555
651,22.03,0.5562
652,22.04,0.5562
653,22.04,0.5575
654,22.05,0.5587
655,22.05,0.56
656,22.06,0.56
657,22.06,0.5612
658,22.07,0.5625
659,22.07,0.5625
660,22.08,0.5637
661,22.09,0.565
662,22.1,0.565
663,22.1,0.5662
664,22.11,0.5675
665,22.11,0.5675
666,22.12,0.5687
667,22.12,0.57
668,22.13,0.57
669,22.13,0.5712
670,22.14,0.5725
671,22.15,0.5725
672,22.15,0.5737
673,22.16,0.575
674,22.17,0.575
675,22.17,0.5763
676,22.18,0.5775
677,22.18,0.5775
678,22.19,0.5788
679,22.19,0.58
680,22.19,0.58
681,22.2,0.5813
682,22.21,0.5825
683,22.22,0.5825
684,22.22,0.5838
685,22.22,0.585
686,22.23,0.585
687,22.24,0.5863
688,22.24,0.5863
689,22.25,0.5875
690,22.25,0.5888
691,22.26,0.5888
692,22.26,0.59
693,22.27,0.5913
694,22.28,0.5925
695,22.28,0.5925
696,22.29,0.5938
697,22.29,0.5938
698,22.3,0.595
699,22.3,0.5962
700,22.31,0.5962
701,22.31,0.5975
702,22.32,0.5987
703,22.32,0.5987
704,22.33,0.6
705,22.34,0.6012
706,22.34,0.6025
707,22.35,0.6025
708,22.35,0.6037
709,22.36,0.605
710,22.36,0.605
711,22.37,0.6062
712,22.37,0.6062
713,22.38,0.6075
714,22.38,0.6087
715,22.39,0.61
716,22.39,0.61
717,22.4,0.6112
718,22.4,0.6125
719,22.41,0.6125
720,22.42,0.6137
721,22.42,0.615
722,22.42,0.615
723,22.43,0.6162
724,22.44,0.6175
725,22.44,0.6175
726,22.45,0.6187
727,22.45,0.62
728,22.46,0.62
729,22.47,0.6212
730,22.47,0.6225
731,22.47,0.6225
732,22.48,0.6237
733,22.48,0.625
734,22.49,0.625
735,22.49,0.6262
736,22.5,0.6275
737,22.5,0.6275
738,22.51,0.6287
739,22.51,0.63
740,22.52,0.63
741,22.52,0.6312
742,22.53,0.6325
743,22.53,0.6325
744,22.54,0.6337
745,22.54,0.635
746,22.55,0.635
747,22.56,0.6362
748,22.56,0.6375
749,22.56,0.6375
750,22.57,0.6387
751,22.58,0.64
752,22.58,0.64
753,22.58,0.6413
754,22.59,0.6425
755,22.6,0.6425
756,22.6,0.6438
757,22.61,0.645
758,22.61,0.645
759,22.62,0.6463
760,22.62,0.6475
761,22.63,0.6475
762,22.63,0.6488
763,22.64,0.65
764,22.64,0.65
765,22.64,0.6513
766,22.65,0.6525
767,22.65,0.6525
768,22.66,0.6538
769,22.67,0.655
770,22.67,0.655
771,22.67,0.6562
772,22.68,0.6575
773,22.68,0.6575
774,22.69,0.6587
775,22.69,0.66
776,22.7,0.66
777,22.71,0.6612
778,22.71,0.6625
779,22.71,0.6625
780,22.72,0.6637
781,22.72,0.665
782,22.73,0.665
783,22.73,0.6662
784,22.74,0.6662
785,22.74,0.6675
786,22.75,0.6687
787,22.75,0.67
788,22.76,0.67
789,22.76,0.6712
790,22.77,0.6725
791,22.77,0.6725
792,22.78,0.6737
793,22.78,0.675
794,22.79,0.675
795,22.79,0.6762
796,22.8,0.6762
797,22.8,0.6775
798,22.81,0.6787
799,22.81,0.68
800,22.82,0.68
801,22.82,0.6812
802,22.83,0.6825
803,22.83,0.6825
804,22.83,0.6837
805,22.84,0.6837
806,22.84,0.685
807,22.85,0.6862
808,22.85,0.6862
809,22.86,0.6875
810,22.86,0.6887
811,22.87,0.6887
812,22.87,0.69
813,22.88,0.6912
814,22.88,0.6925
815,22.88,0.6925
816,22.89,0.6937
817,22.89,0.6937
818,22.9,0.695
819,22.91,0.6962
820,22.91,0.6962
821,22.92,0.6975
822,22.92,0.6987
823,22.93,0.6987
824,22.93,0.7
825,22.93,0.7012
826,22.94,0.7025
827,22.94,0.7025
828,22.95,0.7037
829,22.96,0.7037
830,22.96,0.705
831,22.96,0.7063
832,22.97,0.7063
833,22.97,0.7075
834,22.98,0.7088
835,22.98,0.7088
836,22.99,0.71
837,22.99,0.7113
838,22.99,0.7125
839,23.0,0.7125
840,23.0,0.7138
841,23.01,0.715
842,23.01,0.715
843,23.02,0.7163
844,23.03,0.7175
845,23.03,0.7175
846,23.03,0.7188
847,23.04,0.72
848,23.04,0.72
849,23.05,0.7212
850,23.05,0.7225
851,23.06,0.7225
852,23.06,0.7237
853,23.07,0.725
854,23.07,0.725
855,23.08,0.7262
856,23.08,0.7275
857,23.09,0.7275
858,23.09,0.7287
859,23.09,0.73
860,23.1,0.73
861,23.1,0.7312
862,23.11,0.7325
863,23.11,0.7325
864,23.12,0.7337
865,23.12,0.735
866,23.13,0.735
867,23.13,0.7362
868,23.14,0.7375
869,23.14,0.7375
870,23.15,0.7387
871,23.15,0.74
872,23.15,0.74
873,23.16,0.7412
874,23.17,0.7425
875,23.17,0.7425
876,23.17,0.7437
877,23.18,0.745
878,23.18,0.745
879,23.18,0.7462
880,23.19,0.7475
881,23.19,0.7475
882,23.2,0.7487
883,23.2,0.75
884,23.21,0.75
885,23.21,0.7512
886,23.22,0.7525
887,23.22,0.7525
888,23.22,0.7537
889,23.23,0.755
890,23.23,0.755
891,23.24,0.7562
892,23.24,0.7575
893,23.25,0.7575
894,23.25,0.7587
895,23.25,0.76
896,23.26,0.76
897,23.27,0.7612
898,23.27,0.7625
899,23.27,0.7625
900,23.28,0.7637
901,23.28,0.765
902,23.29,0.765
903,23.29,0.7662
904,23.3,0.7675
905,23.3,0.7675
906,23.31,0.7688
907,23.31,0.77
908,23.31,0.77
909,23.32,0.7713
910,23.32,0.7725
911,23.33,0.7725
912,23.33,0.7738
913,23.34,0.775
914,23.34,0.775
915,23.35,0.7763
916,23.35,0.7775
917,23.35,0.7775
918,23.36,0.7788
919,23.36,0.78
920,23.37,0.78
921,23.37,0.7812
922,23.38,0.7825
923,23.38,0.7825
924,23.38,0.7837
925,23.39,0.785
926,23.4,0.785
927,23.4,0.7862
928,23.4,0.7875
929,23.4,0.7875
930,23.41,0.7887
931,23.41,0.79
932,23.42,0.79
933,23.42,0.7912
934,23.43,0.7925
935,23.43,0.7925
936,23.44,0.7937
937,23.44,0.795
938,23.44,0.795
939,23.45,0.7962
940,23.45,0.7975
941,23.46,0.7975
942,23.46,0.7987
943,23.47,0.8
944,23.47,0.8
945,23.48,0.8012
946,23.48,0.8025
947,23.48,0.8025
948,23.49,0.8037
949,23.49,0.805
950,23.5,0.805
951,23.5,0.8062
952,23.5,0.8075
953,23.51,0.8075
954,23.52,0.8087
955,23.52,0.81
956,23.53,0.8112
957,23.53,0.8112
958,23.53,0.8125
959,23.54,0.8125
960,23.54,0.8137
961,23.54,0.815
962,23.55,0.8162
963,23.55,0.8162
964,23.56,0.8175
965,23.56,0.8187
966,23.57,0.8187
967,23.57,0.82
968,23.58,0.8212
969,23.58,0.8212
970,23.58,0.8225
971,23.59,0.8237
972,23.59,0.8237
973,23.59,0.825
974,23.6,0.8262
975,23.6,0.8262
976,23.61,0.8275
977,23.61,0.8287
978,23.62,0.8287
979,23.62,0.83
980,23.62,0.8312
981,23.63,0.8312
982,23.63,0.8325
983,23.64,0.8338
984,23.64,0.8338
985,23.65,0.835
986,23.65,0.8363
987,23.65,0.8363
988,23.66,0.8375
989,23.66,0.8388
990,23.67,0.8388
991,23.67,0.84
992,23.67,0.8413
993,23.68,0.8413
994,23.68,0.8425
995,23.69,0.8438
996,23.69,0.8438
997,23.7,0.845
998,23.7,0.8462
999,23.7,0.8462
1000,23.71,0.8475
1001,23.71,0.8487
1002,23.71,0.8487
1003,23.72,0.85
1004,23.72,0.8512
1005,23.73,0.8512
1006,23.73,0.8525
1007,23.74,0.8537
1008,23.74,0.8537
1009,23.75,0.855
1010,23.75,0.8562
1011,23.75,0.8562
1012,23.76,0.8575
1013,23.76,0.8587
1014,23.77,0.8587
1015,23.77,0.86
1016,23.77,0.8612
1017,23.78,0.8612
1018,23.78,0.8625
1019,23.79,0.8637
1020,23.79,0.8637
1021,23.8,0.865
1022,23.8,0.8662
1023,23.8,0.8662
1024,23.8,0.8675
1025,23.81,0.8687
1026,23.81,0.8687
1027,23.82,0.87
1028,23.82,0.8712
1029,23.83,0.8712
1030,23.83,0.8725
1031,23.83,0.8737
1032,23.84,0.8737
1033,23.84,0.875
1034,23.84,0.8762
1035,23.85,0.8762
1036,23.86,0.8775
1037,23.86,0.8787
1038,23.86,0.8787
1039,23.87,0.88
1040,23.87,0.8812
1041,23.88,0.8812
1042,23.88,0.8825
1043,23.88,0.8837
1044,23.89,0.8837
1045,23.89,0.885
1046,23.9,0.8862
1047,23.9,0.8862
1048,23.9,0.8875
1049,23.91,0.8887
1050,23.91,0.8887
1051,23.91,0.89
1052,23.92,0.8912
1053,23.92,0.8912
1054,23.92,0.8925
1055,23.93,0.8937
1056,23.93,0.8937
1057,23.94,0.895
1058,23.94,0.8963
1059,23.95,0.8963
1060,23.95,0.8975
1061,23.95,0.8988
1062,23.96,0.8988
1063,23.96,0.9
1064,23.96,0.9013
1065,23.97,0.9025
1066,23.97,0.9025
1067,23.98,0.9038
1068,23.98,0.9038
1069,23.98,0.905
1070,23.99,0.9062
1071,23.99,0.9062
1072,24.0,0.9075
1073,24.0,0.9087
1074,24.0,0.9087
1075,24.01,0.91
1076,24.01,0.9112
1077,24.02,0.9125
1078,24.02,0.9125
1079,24.03,0.9137
1080,24.03,0.9137
1081,24.03,0.915
1082,24.04,0.9162
1083,24.04,0.9162
1084,24.04,0.9175
1085,24.05,0.9187
1086,24.05,0.9187
1087,24.05,0.92
1088,24.05,0.9212
1089,24.05,0.9225
1090,24.06,0.9225
1091,24.07,0.9237
1092,24.07,0.925
1093,24.07,0.925
1094,24.08,0.9262
1095,24.08,0.9275
1096,24.09,0.9275
1097,24.09,0.9287
1098,24.1,0.93
1099,24.1,0.93
1100,24.1,0.9312
1101,24.11,0.9325
1102,24.11,0.9325
1103,24.12,0.9337
1104,24.12,0.935
1105,24.12,0.935
1106,24.13,0.9362
1107,24.13,0.9362
1108,24.14,0.9375
1109,24.14,0.9387
1110,24.14,0.94
1111,24.15,0.94
1112,24.15,0.9412
1113,24.15,0.9425
1114,24.16,0.9425
1115,24.16,0.9437
1116,24.17,0.945
1117,24.17,0.945
1118,24.17,0.9462
1119,24.18,0.9462
1120,24.18,0.9475
1121,24.18,0.9487
1122,24.18,0.9487
1123,24.19,0.95
1124,24.19,0.9512
1125,24.2,0.9525
1126,24.2,0.9525
1127,24.2,0.9537
1128,24.21,0.9537
1129,24.21,0.955
1130,24.21,0.9562
1131,24.22,0.9562
1132,24.22,0.9575
1133,24.23,0.9587
1134,24.23,0.96
1135,24.24,0.96
1136,24.24,0.9613
1137,24.24,0.9625
1138,24.24,0.9625
1139,24.25,0.9638
1140,24.25,0.965
1141,24.26,0.965
1142,24.26,0.9663
1143,24.26,0.9663
1144,24.27,0.9675
1145,24.27,0.9688
1146,24.28,0.9688
1147,24.28,0.97
1148,24.28,0.9712
1149,24.29,0.9725
1150,24.29,0.9725
1151,24.3,0.9737
1152,24.3,0.9737
1153,24.3,0.975
1154,24.31,0.9762
1155,24.31,0.9762
1156,24.31,0.9775
1157,24.32,0.9787
1158,24.32,0.9787
1159,24.32,0.98
1160,24.33,0.9812
1161,24.33,0.9825
1162,24.33,0.9825
1163,24.34,0.9837
1164,24.34,0.9837
1165,24.35,0.985
1166,24.35,0.9862
1167,24.36,0.9862
1168,24.35,0.9875
1169,24.36,0.9887
1170,24.36,0.9887
1171,24.37,0.99
1172,24.37,0.9912
1173,24.37,0.9925
1174,24.38,0.9925
1175,24.38,0.9937
1176,24.39,0.9937
1177,24.39,0.995
1178,24.39,0.9962
1179,24.39,0.9962
1180,24.4,0.9975
1181,24.4,0.9987
1182,24.41,0.9987
1183,24.41,1.0
1184,24.41,1.0013
1185,24.42,1.0025
1186,24.42,1.0025
1187,24.43,1.0037
1188,24.43,1.0037
1189,24.43,1.005
1190,24.43,1.0063
1191,24.44,1.0063
1192,24.45,1.0075
1193,24.45,1.0087
1194,24.45,1.01
1195,24.45,1.01
1196,24.46,1.0113
1197,24.46,1.0125
1198,24.47,1.0125
1199,24.47,1.0137
1200,24.47,1.015
1201,24.47,1.015
1202,24.48,1.0163
1203,24.48,1.0175
1204,24.49,1.0175
1205,24.49,1.0187
1206,24.5,1.02
1207,24.5,1.02
1208,24.5,1.0213
1209,24.51,1.0225
1210,24.51,1.0225
1211,24.51,1.0237
1212,24.52,1.025
1213,24.52,1.025
1214,24.53,1.0263
1215,24.53,1.0275
1216,24.53,1.0275
1217,24.54,1.0287
1218,24.54,1.03
1219,24.54,1.03
1220,24.54,1.0312
1221,24.55,1.0325
1222,24.55,1.0325
1223,24.55,1.0337
1224,24.56,1.035
1225,24.56,1.035
1226,24.56,1.0362
1227,24.57,1.0375
1228,24.57,1.0375
1229,24.58,1.0387
1230,24.58,1.04
1231,24.58,1.04
1232,24.58,1.0412
1233,24.59,1.0425
1234,24.59,1.0425
1235,24.6,1.0437
1236,24.6,1.045
1237,24.6,1.045
1238,24.61,1.0462
1239,24.61,1.0475
1240,24.61,1.0475
1241,24.61,1.0487
1242,24.62,1.05
1243,24.62,1.05
1244,24.62,1.0512
1245,24.63,1.0525
1246,24.63,1.0525
1247,24.64,1.0537
1248,24.64,1.055
1249,24.64,1.0562
1250,24.65,1.0562
1251,24.65,1.0575
1252,24.65,1.0588
1253,24.66,1.0588
1254,24.66,1.06
1255,24.66,1.0612
1256,24.67,1.0612
1257,24.67,1.0625
1258,24.67,1.0638
1259,24.68,1.0638
1260,24.68,1.065
1261,24.68,1.0662
1262,24.69,1.0662
1263,24.69,1.0675
1264,24.69,1.0688
1265,24.7,1.0688
1266,24.7,1.07
1267,24.71,1.0712
1268,24.71,1.0712
1269,24.71,1.0725
1270,24.71,1.0738
1271,24.72,1.0738
1272,24.72,1.075
1273,24.72,1.0762
1274,24.73,1.0762
1275,24.73,1.0775
1276,24.73,1.0788
1277,24.74,1.0788
1278,24.74,1.08
1279,24.74,1.0812
1280,24.75,1.0812
1281,24.75,1.0825
1282,24.75,1.0838
1283,24.76,1.0838
1284,24.76,1.085
1285,24.76,1.0862
1286,24.77,1.0862
1287,24.77,1.0875
1288,24.78,1.0888
1289,24.78,1.0888
1290,24.78,1.09
1291,24.79,1.0912
1292,24.79,1.0912
1293,24.79,1.0925
1294,24.8,1.0938
1295,24.8,1.0938
1296,24.8,1.095
1297,24.8,1.0962
1298,24.81,1.0962
1299,24.81,1.0975
1300,24.82,1.0987
1301,24.82,1.0987
1302,24.82,1.1
1303,24.82,1.1012
1304,24.83,1.1012
1305,24.83,1.1025
1306,24.83,1.1037
1307,24.84,1.1037
1308,24.84,1.105
1309,24.84,1.1062
1310,24.85,1.1062
1311,24.85,1.1075
1312,24.85,1.1087
1313,24.86,1.1087
1314,24.86,1.11
1315,24.86,1.1112
1316,24.87,1.1112
1317,24.87,1.1125
1318,24.87,1.1137
1319,24.88,1.1137
1320,24.88,1.115
1321,24.88,1.1162
1322,24.89,1.1162
1323,24.89,1.1175
1324,24.89,1.1187
1325,24.89,1.1187
1326,24.9,1.12
1327,24.9,1.1213
1328,24.91,1.1213
1329,24.91,1.1225
1330,24.91,1.1237
1331,24.92,1.1237
1332,24.92,1.125
1333,24.92,1.1263
1334,24.93,1.1263
1335,24.93,1.1275
1336,24.93,1.1287
1337,24.94,1.1287
1338,24.94,1.13
1339,24.94,1.1313
1340,24.94,1.1325
1341,24.95,1.1325
1342,24.95,1.1337
1343,24.96,1.1337
1344,24.96,1.135
1345,24.96,1.1363
1346,24.96,1.1363
1347,24.97,1.1375
1348,24.97,1.1387
1349,24.97,1.14
1350,24.98,1.14
1351,24.98,1.1413
1352,24.98,1.1425
1353,24.99,1.1425
1354,24.99,1.1437
1355,24.99,1.145
1356,25.0,1.145
1357,25.0,1.1463
1358,25.0,1.1475
1359,25.0,1.1475
1360,25.01,1.1487
1361,25.01,1.15
1362,25.01,1.15
1363,25.02,1.1513
1364,25.02,1.1525
1365,25.02,1.1525
1366,25.03,1.1537
1367,25.03,1.155
1368,25.03,1.155
1369,25.04,1.1562
1370,25.04,1.1575
1371,25.04,1.1575
1372,25.05,1.1587
1373,25.05,1.16
1374,25.06,1.16
1375,25.06,1.1612
1376,25.06,1.1625
1377,25.06,1.1625
1378,25.07,1.1637
1379,25.07,1.165
1380,25.07,1.165
1381,25.08,1.1662
1382,25.08,1.1675
1383,25.08,1.1675
1384,25.08,1.1687
1385,25.09,1.17
1386,25.09,1.17
1387,25.09,1.1712
1388,25.1,1.1725
1389,25.1,1.1725
1390,25.1,1.1737
1391,25.11,1.175
1392,25.11,1.175
1393,25.11,1.1762
1394,25.12,1.1775
1395,25.12,1.1775
1396,25.12,1.1787
1397,25.12,1.18
1398,25.13,1.18
1399,25.13,1.1812
1400,25.13,1.1825
1401,25.14,1.1825
1402,25.14,1.1837
1403,25.14,1.185
1404,25.15,1.1862
1405,25.15,1.1862
1406,25.15,1.1875
1407,25.15,1.1875
1408,25.16,1.1888
1409,25.16,1.19
1410,25.17,1.19
1411,25.17,1.1912
1412,25.17,1.1925
1413,25.17,1.1925
1414,25.18,1.1938
1415,25.18,1.195
1416,25.18,1.1962
1417,25.18,1.1962
1418,25.19,1.1975
1419,25.19,1.1988
1420,25.2,1.1988
1421,25.2,1.2
1422,25.2,1.2012
1423,25.2,1.2012
1424,25.21,1.2025
1425,25.21,1.2025
1426,25.21,1.2038
1427,25.21,1.205
1428,25.21,1.2062
1429,25.22,1.2062
1430,25.22,1.2075
1431,25.23,1.2088
1432,25.23,1.2088
1433,25.23,1.21
1434,25.23,1.2112
1435,25.24,1.2112
1436,25.24,1.2125
1437,25.24,1.2125
1438,25.25,1.2138
1439,25.25,1.215
1440,25.25,1.215
1441,25.26,1.2162
1442,25.26,1.2175
1443,25.26,1.2175
1444,25.27,1.2188
1445,25.27,1.22
1446,25.27,1.22
1447,25.28,1.2212
1448,25.28,1.2225
1449,25.28,1.2225
1450,25.28,1.2237
1451,25.29,1.225
1452,25.29,1.225
1453,25.29,1.2262
1454,25.3,1.2275
1455,25.3,1.2275
1456,25.3,1.2287
1457,25.31,1.23
1458,25.31,1.23
1459,25.31,1.2312
1460,25.32,1.2325
1461,25.32,1.2325
1462,25.32,1.2337
1463,25.32,1.235
1464,25.33,1.2362
1465,25.33,1.2362
1466,25.33,1.2375
1467,25.33,1.2387
1468,25.34,1.2387
1469,25.34,1.24
1470,25.34,1.2412
1471,25.35,1.2412
1472,25.35,1.2425
1473,25.35,1.2425
1474,25.36,1.2437
1475,25.36,1.245
1476,25.36,1.2462
1477,25.36,1.2462
1478,25.37,1.2475
1479,25.37,1.2487
1480,25.37,1.2487
1481,25.37,1.25
1482,25.38,1.2513
1483,25.38,1.2513
1484,25.38,1.2525
1485,25.39,1.2537
1486,25.39,1.2537
1487,25.39,1.255
1488,25.4,1.2563
1489,25.4,1.2563
1490,25.4,1.2575
1491,25.41,1.2587
1492,25.41,1.2587
1493,25.41,1.26
1494,25.41,1.2613
1495,25.42,1.2613
1496,25.42,1.2625
1497,25.42,1.2637
1498,25.42,1.2637
1499,25.43,1.265
1500,25.43,1.2663
1501,25.43,1.2663
1502,25.44,1.2675
1503,25.44,1.2687
1504,25.44,1.2687
1505,25.45,1.27
1506,25.45,1.2713
1507,25.45,1.2713
1508,25.46,1.2725
1509,25.46,1.2737
1510,25.46,1.2737
1511,25.46,1.275
1512,25.46,1.2763
1513,25.47,1.2763
1514,25.47,1.2775
1515,25.47,1.2787
1516,25.48,1.2787
1517,25.48,1.28
1518,25.48,1.2812
1519,25.48,1.2812
1520,25.49,1.2825
1521,25.49,1.2837
1522,25.49,1.2837
1523,25.5,1.285
1524,25.5,1.2862
1525,25.5,1.2862
1526,25.5,1.2875
1527,25.51,1.2887
1528,25.51,1.2887
1529,25.51,1.29
1530,25.52,1.2912
1531,25.52,1.2912
1532,25.52,1.2925
1533,25.52,1.2937
1534,25.53,1.2937
1535,25.53,1.295
1536,25.53,1.2962
1537,25.54,1.2962
1538,25.54,1.2975
1539,25.54,1.2987
1540,25.54,1.2987
1541,25.55,1.3
1542,25.55,1.3012
1543,25.55,1.3025
1544,25.55,1.3025
1545,25.56,1.3037
1546,25.56,1.3037
1547,25.56,1.305
1548,25.56,1.3062
1549,25.57,1.3062
1550,25.57,1.3075
1551,25.57,1.3087
1552,25.58,1.31
1553,25.58,1.31
1554,25.58,1.3112
1555,25.58,1.3125
1556,25.59,1.3125
1557,25.59,1.3138
1558,25.59,1.315
1559,25.6,1.315
1560,25.6,1.3162
1561,25.6,1.3175
1562,25.6,1.3175
1563,25.61,1.3188
1564,25.61,1.32
1565,25.61,1.32
1566,25.62,1.3212
1567,25.62,1.3225
1568,25.62,1.3225
1569,25.62,1.3238
1570,25.63,1.325
1571,25.63,1.325
1572,25.63,1.3262
1573,25.63,1.3275
1574,25.64,1.3275
1575,25.64,1.3288
1576,25.64,1.33
1577,25.64,1.33
1578,25.65,1.3312
1579,25.65,1.3325
1580,25.65,1.3325
1581,25.66,1.3338
1582,25.66,1.335
1583,25.66,1.335
1584,25.66,1.3362
1585,25.66,1.3375
1586,25.67,1.3375
1587,25.67,1.3388
1588,25.67,1.34
1589,25.68,1.34
1590,25.68,1.3412
1591,25.68,1.3425
1592,25.69,1.3425
1593,25.69,1.3438
1594,25.69,1.345
1595,25.69,1.345
1596,25.7,1.3462
1597,25.7,1.3475
1598,25.7,1.3475
1599,25.7,1.3487
1600,25.71,1.35
1601,25.71,1.35
1602,25.71,1.3512
1603,25.71,1.3525
1604,25.71,1.3525
1605,25.72,1.3537
1606,25.72,1.355
1607,25.72,1.355
1608,25.73,1.3562
1609,25.73,1.3575
1610,25.73,1.3575
1611,25.74,1.3587
1612,25.74,1.36
1613,25.74,1.36
1614,25.74,1.3612
1615,25.74,1.3625
1616,25.75,1.3625
1617,25.75,1.3637
1618,25.76,1.365
1619,25.76,1.365
1620,25.76,1.3662
1621,25.76,1.3675
1622,25.76,1.3675
1623,25.77,1.3687
1624,25.77,1.37
1625,25.77,1.37
1626,25.77,1.3712
1627,25.78,1.3725
1628,25.78,1.3725
1629,25.78,1.3737
1630,25.77,1.375
1631,25.78,1.375
1632,25.78,1.3763
1633,25.79,1.3775
1634,25.79,1.3775
1635,25.8,1.3787
1636,25.8,1.38
1637,25.81,1.38
1638,25.81,1.3813
1639,25.81,1.3825
1640,25.81,1.3825
1641,25.81,1.3837
1642,25.82,1.385
1643,25.82,1.385
1644,25.83,1.3863
1645,25.83,1.3875
1646,25.82,1.3875
1647,25.83,1.3887
1648,25.84,1.39
1649,25.84,1.39
1650,25.84,1.3913
1651,25.84,1.3925
1652,25.84,1.3925
1653,25.85,1.3937
1654,25.85,1.395
1655,25.85,1.395
1656,25.85,1.3963
1657,25.86,1.3975
1658,25.86,1.3975
1659,25.86,1.3987
1660,25.87,1.4
1661,25.87,1.4
1662,25.87,1.4013
1663,25.87,1.4025
1664,25.88,1.4025
1665,25.88,1.4037
1666,25.88,1.405
1667,25.88,1.4062
1668,25.88,1.4062
1669,25.89,1.4075
1670,25.89,1.4087
1671,25.89,1.4087
1672,25.9,1.41
1673,25.9,1.4112
1674,25.9,1.4112
1675,25.9,1.4125
1676,25.91,1.4137
1677,25.91,1.4137
1678,25.91,1.415
1679,25.91,1.4162
1680,25.92,1.4162
1681,25.92,1.4175
1682,25.92,1.4187
1683,25.92,1.4187
1684,25.93,1.42
1685,25.93,1.4212
1686,25.93,1.4212
1687,25.93,1.4225
1688,25.93,1.4237
1689,25.94,1.4237
1690,25.94,1.425
1691,25.95,1.4262
1692,25.95,1.4262
1693,25.95,1.4275
1694,25.95,1.4287
1695,25.95,1.4287
1696,25.96,1.43
1697,25.96,1.4312
1698,25.96,1.4312
1699,25.96,1.4325
1700,25.97,1.4337
1701,25.97,1.4337
1702,25.97,1.435
1703,25.97,1.4362
1704,25.98,1.4362
1705,25.98,1.4375
1706,25.98,1.4387
1707,25.99,1.4387
1708,25.99,1.44
1709,25.99,1.4412
1710,25.99,1.4412
1711,25.99,1.4425
1712,26.0,1.4438
1713,26.0,1.4438
1714,26.0,1.445
1715,26.0,1.4462
1716,26.01,1.4462
1717,26.01,1.4475
1718,26.01,1.4488
1719,26.01,1.4488
1720,26.01,1.45
1721,26.02,1.4512
1722,26.02,1.4512
1723,26.02,1.4525
1724,26.02,1.4538
1725,26.03,1.4538
1726,26.03,1.455
1727,26.03,1.4562
1728,26.03,1.4562
1729,26.03,1.4575
1730,26.04,1.4588
1731,26.04,1.4588
1732,26.04,1.46
1733,26.05,1.4612
1734,26.05,1.4612
1735,26.05,1.4625
1736,26.05,1.4638
1737,26.06,1.4638
1738,26.06,1.465
1739,26.06,1.4662
1740,26.06,1.4662
1741,26.07,1.4675
1742,26.07,1.4688
1743,26.07,1.4688
1744,26.07,1.47
1745,26.08,1.4712
1746,26.08,1.4725
1747,26.08,1.4725
1748,26.08,1.4737
1749,26.09,1.4737
1750,26.08,1.475
1751,26.09,1.4762
1752,26.09,1.4762
1753,26.1,1.4775
1754,26.1,1.4787
1755,26.1,1.4787
1756,26.11,1.48
1757,26.11,1.4812
1758,26.11,1.4812
1759,26.11,1.4825
1760,26.11,1.4837
1761,26.11,1.4837
1762,26.12,1.485
1763,26.12,1.4862
1764,26.12,1.4862
1765,26.12,1.4875
1766,26.13,1.4887
1767,26.13,1.4887
1768,26.13,1.49
1769,26.13,1.4912
1770,26.14,1.4912
1771,26.14,1.4925
1772,26.14,1.4937
1773,26.14,1.4937
1774,26.14,1.495
1775,26.15,1.4962
1776,26.15,1.4962
1777,26.15,1.4975
1778,26.16,1.4987
1779,26.16,1.4987
1780,26.16,1.5
1781,26.17,1.5012
1782,26.17,1.5012
1783,26.17,1.5025
1784,26.17,1.5037
1785,26.17,1.5037
1786,26.17,1.505
1787,26.18,1.5063
1788,26.18,1.5063
1789,26.18,1.5075
1790,26.19,1.5087
1791,26.19,1.5087
1792,26.19,1.51
1793,26.19,1.5113
1794,26.2,1.5113
1795,26.2,1.5125
1796,26.2,1.5137
1797,26.2,1.5137
1798,26.21,1.515
1799,26.21,1.5163
1800,26.21,1.5163
1801,26.21,1.5175
1802,26.21,1.5187
1803,26.21,1.5187
1804,26.22,1.52
1805,26.22,1.5213
1806,26.22,1.5213
1807,26.22,1.5225
1808,26.23,1.5237
1809,26.23,1.5237
1810,26.23,1.525
1811,26.24,1.5263
1812,26.24,1.5263
1813,26.24,1.5275
1814,26.24,1.5287
1815,26.24,1.5287
1816,26.25,1.53
1817,26.25,1.5312
1818,26.25,1.5312
1819,26.25,1.5325
1820,26.26,1.5337
1821,26.26,1.5337
1822,26.26,1.535
1823,26.26,1.5362
1824,26.27,1.5362
1825,26.27,1.5375
1826,26.27,1.5387
1827,26.27,1.5387
1828,26.27,1.54
1829,26.28,1.5412
1830,26.28,1.5412
1831,26.28,1.5425
1832,26.29,1.5437
1833,26.29,1.5437
1834,26.29,1.545
1835,26.29,1.5462
1836,26.3,1.5462
1837,26.3,1.5475
1838,26.3,1.5487
1839,26.31,1.5487
1840,26.31,1.55
1841,26.31,1.5512
1842,26.31,1.5512
1843,26.31,1.5525
1844,26.31,1.5537
1845,26.32,1.5537
1846,26.32,1.555
1847,26.32,1.5562
1848,26.32,1.5562
1849,26.33,1.5575
1850,26.33,1.5587
1851,26.33,1.5587
1852,26.33,1.56
1853,26.34,1.5612
1854,26.34,1.5625
1855,26.34,1.5625
1856,26.34,1.5637
1857,26.34,1.565
1858,26.35,1.565
1859,26.35,1.5662
1860,26.35,1.5662
1861,26.35,1.5675
1862,26.36,1.5688
1863,26.36,1.57
1864,26.36,1.57
1865,26.36,1.5712
1866,26.36,1.5725
1867,26.37,1.5725
1868,26.37,1.5738
1869,26.37,1.575
1870,26.38,1.575
1871,26.38,1.5762
1872,26.38,1.5775
1873,26.38,1.5775
1874,26.38,1.5788
1875,26.38,1.58
1876,26.39,1.58
1877,26.39,1.5812
1878,26.39,1.5825
1879,26.4,1.5825
1880,26.4,1.5838
1881,26.4,1.585
1882,26.4,1.585
1883,26.4,1.5862
1884,26.41,1.5875
1885,26.41,1.5875
1886,26.41,1.5888
1887,26.41,1.59
1888,26.42,1.59
1889,26.42,1.5912
1890,26.42,1.5925
1891,26.42,1.5925
1892,26.43,1.5938
1893,26.43,1.595
1894,26.43,1.595
1895,26.43,1.5962
1896,26.43,1.5975
1897,26.44,1.5975
1898,26.44,1.5987
1899,26.44,1.6
1900,26.44,1.6
1901,26.44,1.6012
1902,26.44,1.6025
1903,26.45,1.6025
1904,26.45,1.6037
1905,26.45,1.605
1906,26.45,1.605
1907,26.46,1.6062
1908,26.46,1.6075
1909,26.46,1.6075
1910,26.47,1.6087
1911,26.47,1.61
1912,26.47,1.61
1913,26.47,1.6112
1914,26.48,1.6125
1915,26.48,1.6125
1916,26.48,1.6137
1917,26.48,1.615
1918,26.48,1.615
1919,26.49,1.6162
1920,26.49,1.6175
1921,26.49,1.6187
1922,26.49,1.6187
1923,26.5,1.62
1924,26.5,1.6212
1925,26.5,1.6212
1926,26.5,1.6225
1927,26.5,1.6237
1928,26.51,1.6237
1929,26.51,1.625
1930,26.51,1.6262
1931,26.51,1.6262
1932,26.51,1.6275
1933,26.52,1.6287
1934,26.52,1.6287
1935,26.52,1.63
1936,26.52,1.6312
1937,26.52,1.6312
1938,26.53,1.6325
1939,26.53,1.6337
1940,26.53,1.6337
1941,26.53,1.635
1942,26.53,1.6363
1943,26.54,1.6363
1944,26.54,1.6375
1945,26.54,1.6387
1946,26.54,1.6387
1947,26.55,1.64
1948,26.55,1.6413
1949,26.55,1.6413
1950,26.55,1.6425
1951,26.56,1.6437
1952,26.56,1.6437
1953,26.56,1.645
1954,26.56,1.6463
1955,26.57,1.6463
1956,26.57,1.6475
1957,26.57,1.6487
1958,26.57,1.6487
1959,26.57,1.65
1960,26.58,1.6513
1961,26.58,1.6513
1962,26.58,1.6525
1963,26.58,1.6537
1964,26.59,1.6537
1965,26.59,1.655
1966,26.59,1.6562
1967,26.59,1.6562
1968,26.59,1.6575
1969,26.59,1.6587
1970,26.6,1.6587
1971,26.6,1.66
1972,26.6,1.6612
1973,26.6,1.6612
1974,26.61,1.6625
1975,26.61,1.6637
1976,26.61,1.6637
1977,26.61,1.665
1978,26.62,1.6662
1979,26.62,1.6662
1980,26.62,1.6675
1981,26.62,1.6687
1982,26.62,1.6687
1983,26.62,1.67
1984,26.63,1.6712
1985,26.63,1.6712
1986,26.63,1.6725
1987,26.64,1.6737
1988,26.63,1.6737
1989,26.64,1.675
1990,26.64,1.6762
1991,26.64,1.6762
1992,26.64,1.6775
1993,26.65,1.6787
1994,26.65,1.6787
1995,26.65,1.68
1996,26.66,1.6812
1997,26.66,1.6812
1998,26.66,1.6825
1999,26.66,1.6837
2000,26.66,1.6837
2001,26.66,1.685
2002,26.67,1.6862
2003,26.67,1.6862
2004,26.67,1.6875
2005,26.68,1.6887
2006,26.68,1.6887
2007,26.68,1.69
2008,26.68,1.6912
2009,26.68,1.6912
2010,26.68,1.6925
2011,26.68,1.6937
2012,26.69,1.6937
2013,26.69,1.695
2014,26.69,1.6962
2015,26.69,1.6962
2016,26.7,1.6975
2017,26.7,1.6988
2018,26.7,1.6988
2019,26.7,1.7
2020,26.7,1.7012
2021,26.71,1.7025
2022,26.71,1.7025
2023,26.71,1.7038
2024,26.71,1.7038
2025,26.71,1.705
2026,26.72,1.7062
2027,26.72,1.7062
2028,26.72,1.7075
2029,26.72,1.7088
2030,26.72,1.7088
2031,26.73,1.71
2032,26.73,1.7112
2033,26.73,1.7125
2034,26.74,1.7125
2035,26.74,1.7138
2036,26.74,1.7138
2037,26.74,1.715
2038,26.75,1.7162
2039,26.75,1.7162
2040,26.75,1.7175
2041,26.75,1.7188
2042,26.75,1.7188
2043,26.76,1.72
2044,26.76,1.7212
2045,26.76,1.7225
2046,26.76,1.7225
2047,26.76,1.7237
2048,26.77,1.725
2049,26.77,1.725
2050,26.77,1.7262
2051,26.77,1.7262
2052,26.77,1.7275
2053,26.77,1.7287
2054,26.78,1.73
2055,26.78,1.73
2056,26.78,1.7312
2057,26.78,1.7325
2058,26.79,1.7325
2059,26.79,1.7337
2060,26.79,1.735
2061,26.79,1.735
2062,26.79,1.7362
2063,26.8,1.7375
2064,26.8,1.7375
2065,26.8,1.7387
2066,26.8,1.74
2067,26.8,1.74
2068,26.8,1.7412
2069,26.81,1.7425
2070,26.81,1.7425
2071,26.81,1.7437
2072,26.81,1.745
2073,26.81,1.745
2074,26.82,1.7462
2075,26.82,1.7475
2076,26.82,1.7475
2077,26.82,1.7487
2078,26.83,1.75
2079,26.83,1.75
2080,26.83,1.7512
2081,26.83,1.7525
2082,26.83,1.7525
2083,26.84,1.7537
2084,26.84,1.755
2085,26.84,1.755
2086,26.84,1.7562
2087,26.84,1.7575
2088,26.84,1.7575
2089,26.85,1.7587
2090,26.85,1.76
2091,26.85,1.76
2092,26.85,1.7613
2093,26.86,1.7625
2094,26.86,1.7625
2095,26.86,1.7637
2096,26.86,1.765
2097,26.87,1.765
2098,26.87,1.7663
2099,26.87,1.7675
2100,26.87,1.7675
2101,26.88,1.7687
2102,26.88,1.77
2103,26.88,1.77
2104,26.88,1.7713
2105,26.88,1.7725
2106,26.88,1.7725
2107,26.88,1.7737
2108,26.89,1.7737
2109,26.89,1.775
2110,26.89,1.7763
2111,26.9,1.7763
2112,26.9,1.7775
2113,26.9,1.7787
2114,26.9,1.7787
2115,26.9,1.78
2116,26.9,1.7812
2117,26.9,1.7825
2118,26.91,1.7825
2119,26.91,1.7837
2120,26.91,1.7837
2121,26.92,1.785
2122,26.92,1.7862
2123,26.92,1.7862
2124,26.92,1.7875
2125,26.92,1.7887
2126,26.93,1.7887
2127,26.93,1.79
2128,26.93,1.7912
2129,26.93,1.7925
2130,26.94,1.7925
2131,26.94,1.7937
2132,26.94,1.7937
2133,26.94,1.795
2134,26.94,1.7962
2135,26.94,1.7962
2136,26.95,1.7975
2137,26.95,1.7987
2138,26.95,1.7987
2139,26.95,1.8
2140,26.95,1.8012
2141,26.96,1.8025
2142,26.96,1.8025
2143,26.96,1.8037
2144,26.96,1.805
2145,26.96,1.805
2146,26.97,1.8062
2147,26.97,1.8075
2148,26.97,1.8075
2149,26.97,1.8087
2150,26.97,1.81
2151,26.98,1.81
2152,26.98,1.8112
2153,26.98,1.8125
2154,26.98,1.8125
2155,26.98,1.8137
2156,26.99,1.815
2157,26.99,1.815
2158,26.99,1.8162
2159,26.99,1.8175
2160,26.99,1.8175
2161,27.0,1.8187
2162,27.0,1.82
2163,27.01,1.82
2164,27.01,1.8212
2165,27.01,1.8225
2166,27.01,1.8225
2167,27.01,1.8237
2168,27.01,1.825
2169,27.01,1.825
2170,27.02,1.8262
2171,27.02,1.8275
2172,27.02,1.8275
2173,27.02,1.8288
2174,27.02,1.83
2175,27.03,1.83
2176,27.03,1.8312
2177,27.03,1.8325
2178,27.03,1.8325
2179,27.03,1.8338
2180,27.04,1.835
2181,27.04,1.835
2182,27.04,1.8362
2183,27.04,1.8375
2184,27.05,1.8375
2185,27.05,1.8388
2186,27.05,1.84
2187,27.05,1.84
2188,27.05,1.8412
2189,27.05,1.8425
2190,27.06,1.8425
2191,27.06,1.8438
2192,27.06,1.845
2193,27.06,1.8462
2194,27.06,1.8462
2195,27.07,1.8475
2196,27.07,1.8487
2197,27.07,1.8487
2198,27.07,1.85
2199,27.07,1.8512
2200,27.08,1.8512
2201,27.08,1.8525
2202,27.08,1.8537
2203,27.08,1.8537
2204,27.09,1.855
2205,27.09,1.8562
2206,27.09,1.8562
2207,27.09,1.8575
2208,27.09,1.8587
2209,27.09,1.8587
2210,27.1,1.86
2211,27.1,1.8612
2212,27.1,1.8612
2213,27.1,1.8625
2214,27.1,1.8637
2215,27.11,1.8637
2216,27.11,1.865
2217,27.11,1.8662
2218,27.11,1.8662
2219,27.11,1.8675
2220,27.12,1.8687
2221,27.12,1.8687
2222,27.12,1.87
2223,27.12,1.8712
2224,27.12,1.8712
2225,27.13,1.8725
2226,27.13,1.8737
2227,27.13,1.8737
2228,27.13,1.875
2229,27.13,1.8762
2230,27.13,1.8762
2231,27.14,1.8775
2232,27.14,1.8787
2233,27.14,1.8787
2234,27.14,1.88
2235,27.15,1.8812
2236,27.15,1.8812
2237,27.15,1.8825
2238,27.15,1.8837
2239,27.15,1.8837
2240,27.15,1.885
2241,27.16,1.8862
2242,27.16,1.8862
2243,27.16,1.8875
2244,27.16,1.8887
2245,27.16,1.8887
2246,27.17,1.89
2247,27.17,1.8913
2248,27.17,1.8913
2249,27.17,1.8925
2250,27.17,1.8937
2251,27.18,1.8937
2252,27.18,1.895
2253,27.18,1.8963
2254,27.18,1.8963
2255,27.18,1.8975
2256,27.19,1.8987
2257,27.19,1.8987
2258,27.19,1.9
2259,27.19,1.9013
2260,27.19,1.9025
2261,27.19,1.9025
2262,27.2,1.9037
2263,27.2,1.9037
2264,27.2,1.905
2265,27.2,1.9062
2266,27.21,1.9062
2267,27.21,1.9075
2268,27.21,1.9087
2269,27.21,1.9087
2270,27.21,1.91
2271,27.21,1.9112
2272,27.22,1.9125
2273,27.22,1.9125
2274,27.22,1.9137
2275,27.22,1.9137
2276,27.23,1.915
2277,27.23,1.9162
2278,27.23,1.9162
2279,27.23,1.9175
2280,27.23,1.9187
2281,27.23,1.9187
2282,27.24,1.92
2283,27.24,1.9212
2284,27.24,1.9225
2285,27.24,1.9225
2286,27.25,1.9237
2287,27.25,1.9237
2288,27.25,1.925
2289,27.25,1.9262
2290,27.25,1.9262
2291,27.25,1.9275
2292,27.26,1.9287
2293,27.26,1.9287
2294,27.26,1.93
2295,27.26,1.9312
2296,27.26,1.9325
2297,27.27,1.9325
2298,27.27,1.9337
2299,27.27,1.9337
2300,27.27,1.935
2301,27.27,1.9362
2302,27.27,1.9362
2303,27.28,1.9375
2304,27.28,1.9387
2305,27.28,1.9387
2306,27.28,1.94
2307,27.29,1.9412
2308,27.29,1.9425
2309,27.29,1.9425
2310,27.29,1.9437
2311,27.29,1.9437
2312,27.3,1.945
2313,27.3,1.9462
2314,27.3,1.9462
2315,27.3,1.9475
2316,27.3,1.9487
2317,27.31,1.9487
2318,27.31,1.95
2319,27.31,1.9512
2320,27.31,1.9525
2321,27.31,1.9525
2322,27.32,1.9538
2323,27.32,1.9538
2324,27.32,1.955
2325,27.32,1.9562
2326,27.32,1.9562
2327,27.33,1.9575
2328,27.33,1.9588
2329,27.33,1.9588
2330,27.33,1.96
2331,27.33,1.9612
2332,27.33,1.9625
2333,27.34,1.9625
2334,27.34,1.9638
2335,27.34,1.965
2336,27.34,1.965
2337,27.35,1.9662
2338,27.35,1.9662
2339,27.35,1.9675
2340,27.35,1.9688
2341,27.35,1.97
2342,27.36,1.97
2343,27.36,1.9712
2344,27.36,1.9725
2345,27.36,1.9725
2346,27.36,1.9737
2347,27.37,1.975
2348,27.37,1.975
2349,27.37,1.9762
2350,27.37,1.9775
2351,27.37,1.9775
2352,27.37,1.9787
2353,27.38,1.98
2354,27.38,1.98
2355,27.38,1.9812
2356,27.38,1.9825
2357,27.38,1.9825
2358,27.39,1.9837
2359,27.39,1.985
2360,27.39,1.985
2361,27.39,1.9862
2362,27.39,1.9875
2363,27.39,1.9875
2364,27.4,1.9887
2365,27.4,1.99
2366,27.4,1.99
2367,27.4,1.9912
2368,27.41,1.9925
2369,27.41,1.9925
2370,27.41,1.9937
2371,27.41,1.995
2372,27.41,1.995
2373,27.42,1.9962
2374,27.42,1.9975
2375,27.42,1.9975
2376,27.42,1.9987
2377,27.42,2.0
2378,27.43,2.0
2379,27.43,2.0013
2380,27.43,2.0025
2381,27.43,2.0025
2382,27.43,2.0037
2383,27.43,2.005
2384,27.43,2.005
2385,27.44,2.0062
2386,27.44,2.0075
2387,27.44,2.0075
2388,27.44,2.0087
2389,27.44,2.01
2390,27.45,2.01
2391,27.45,2.0113
2392,27.45,2.0125
2393,27.45,2.0125
2394,27.45,2.0137
2395,27.46,2.015
2396,27.46,2.015
2397,27.46,2.0162
2398,27.46,2.0175
2399,27.46,2.0175
2400,27.46,2.0187
2401,27.47,2.02
2402,27.47,2.02
2403,27.47,2.0213
2404,27.47,2.0225
2405,27.47,2.0225
2406,27.48,2.0238
2407,27.48,2.025
2408,27.48,2.025
2409,27.48,2.0262
2410,27.49,2.0275
2411,27.49,2.0275
2412,27.49,2.0287
2413,27.49,2.03
2414,27.49,2.03
2415,27.49,2.0312
2416,27.49,2.0325
2417,27.5,2.0325
2418,27.5,2.0338
2419,27.5,2.035
2420,27.5,2.035
2421,27.51,2.0362
2422,27.5,2.0375
2423,27.51,2.0375
2424,27.51,2.0387
2425,27.51,2.04
2426,27.51,2.04
2427,27.51,2.0412
2428,27.52,2.0425
2429,27.52,2.0425
2430,27.52,2.0438
2431,27.52,2.045
2432,27.52,2.045
2433,27.53,2.0462
2434,27.53,2.0475
2435,27.53,2.0475
2436,27.53,2.0487
2437,27.53,2.05
2438,27.54,2.05
2439,27.54,2.0512
2440,27.54,2.0525
2441,27.54,2.0525
2442,27.55,2.0538
2443,27.55,2.055
2444,27.55,2.055
2445,27.55,2.0562
2446,27.55,2.0575
2447,27.55,2.0575
2448,27.55,2.0587
2449,27.55,2.06
2450,27.56,2.06
2451,27.56,2.0612
2452,27.56,2.0625
2453,27.56,2.0625
2454,27.57,2.0638
2455,27.57,2.065
2456,27.57,2.0662
2457,27.57,2.0662
2458,27.57,2.0675
2459,27.58,2.0687
2460,27.58,2.0687
2461,27.58,2.07
2462,27.58,2.0712
2463,27.58,2.0712
2464,27.59,2.0725
2465,27.59,2.0738
2466,27.59,2.0738
2467,27.59,2.075
2468,27.59,2.0762
2469,27.6,2.0762
2470,27.6,2.0775
2471,27.6,2.0787
2472,27.6,2.0787
2473,27.6,2.08
2474,27.61,2.0812
2475,27.61,2.0812
2476,27.61,2.0825
2477,27.61,2.0838
2478,27.61,2.0838
2479,27.61,2.085
2480,27.61,2.0863
2481,27.62,2.0863
2482,27.62,2.0875
2483,27.62,2.0887
2484,27.63,2.0887
2485,27.63,2.09
2486,27.63,2.0912
2487,27.63,2.0912
2488,27.63,2.0925
2489,27.64,2.0938
2490,27.64,2.0938
2491,27.64,2.095
2492,27.64,2.0963
2493,27.64,2.0963
2494,27.65,2.0975
2495,27.65,2.0987
2496,27.65,2.0987
2497,27.65,2.1
2498,27.65,2.1012
2499,27.65,2.1012
2500,27.65,2.1025
2501,27.66,2.1037
2502,27.66,2.1037
2503,27.66,2.105
2504,27.66,2.1063
2505,27.67,2.1063
2506,27.67,2.1075
2507,27.67,2.1087
2508,27.67,2.1087
2509,27.67,2.11
2510,27.67,2.1112
2511,27.68,2.1125
2512,27.68,2.1125
2513,27.68,2.1137
2514,27.68,2.1137
2515,27.68,2.115
2516,27.69,2.1163
2517,27.69,2.1163
2518,27.69,2.1175
2519,27.69,2.1187
2520,27.69,2.1187
2521,27.69,2.12
2522,27.69,2.1212
2523,27.7,2.1225
2524,27.7,2.1225
2525,27.7,2.1237
2526,27.7,2.125
2527,27.71,2.125
2528,27.71,2.1263
2529,27.71,2.1275
2530,27.71,2.1275
2531,27.71,2.1287
2532,27.71,2.13
2533,27.72,2.13
2534,27.72,2.1312
2535,27.72,2.1325
2536,27.72,2.1325
2537,27.72,2.1337
2538,27.73,2.135
2539,27.73,2.135
2540,27.73,2.1363
2541,27.73,2.1375
2542,27.73,2.1375
2543,27.74,2.1387
2544,27.74,2.14
2545,27.74,2.14
2546,27.74,2.1412
2547,27.74,2.1425
2548,27.74,2.1425
2549,27.75,2.1437
2550,27.75,2.145
2551,27.75,2.145
2552,27.75,2.1463
2553,27.75,2.1475
2554,27.75,2.1475
2555,27.76,2.1488
2556,27.76,2.15
2557,27.76,2.15
2558,27.76,2.1512
2559,27.76,2.1525
2560,27.76,2.1525
2561,27.77,2.1537
2562,27.77,2.155
2563,27.77,2.155
2564,27.78,2.1562
2565,27.78,2.1575
2566,27.78,2.1575
2567,27.78,2.1588
2568,27.78,2.16
2569,27.78,2.1612
2570,27.78,2.1612
2571,27.78,2.1625
2572,27.79,2.1625
2573,27.79,2.1637
2574,27.79,2.165
2575,27.79,2.1662
2576,27.79,2.1662
2577,27.8,2.1675
2578,27.8,2.1688
2579,27.8,2.1688
2580,27.8,2.17
2581,27.8,2.1712
2582,27.8,2.1712
2583,27.81,2.1725
2584,27.81,2.1737
2585,27.81,2.1737
2586,27.81,2.175
2587,27.82,2.1762
2588,27.82,2.1762
2589,27.82,2.1775
2590,27.82,2.1775
2591,27.82,2.1788
2592,27.82,2.18
2593,27.83,2.18
2594,27.83,2.1812
2595,27.83,2.1825
2596,27.83,2.1825
2597,27.83,2.1837
2598,27.84,2.185
2599,27.84,2.185
2600,27.84,2.1862
2601,27.84,2.1875
2602,27.84,2.1875
2603,27.85,2.1888
2604,27.85,2.19
2605,27.85,2.19
2606,27.85,2.1912
2607,27.85,2.1925
2608,27.85,2.1925
2609,27.86,2.1937
2610,27.86,2.195
2611,27.86,2.195
2612,27.86,2.1962
2613,27.86,2.1975
2614,27.87,2.1975
2615,27.87,2.1988
2616,27.87,2.2
2617,27.87,2.2
2618,27.87,2.2012
2619,27.88,2.2025
2620,27.88,2.2025
2621,27.88,2.2037
2622,27.88,2.205
2623,27.88,2.205
2624,27.88,2.2062
2625,27.89,2.2075
2626,27.89,2.2075
2627,27.89,2.2088
2628,27.89,2.21
2629,27.89,2.21
2630,27.9,2.2113
2631,27.9,2.2125
2632,27.9,2.2125
2633,27.9,2.2137
2634,27.9,2.215
2635,27.9,2.215
2636,27.91,2.2162
2637,27.91,2.2175
2638,27.91,2.2175
2639,27.91,2.2188
2640,27.91,2.22
2641,27.91,2.2213
2642,27.92,2.2213
2643,27.92,2.2225
2644,27.92,2.2225
2645,27.92,2.2237
2646,27.93,2.225
2647,27.93,2.2262
2648,27.93,2.2262
2649,27.93,2.2275
2650,27.93,2.2287
2651,27.94,2.2287
2652,27.93,2.23
2653,27.94,2.23
2654,27.94,2.2313
2655,27.94,2.2325
2656,27.94,2.2325
2657,27.95,2.2337
2658,27.94,2.235
2659,27.95,2.2362
2660,27.95,2.2362
2661,27.95,2.2375
2662,27.95,2.2387
2663,27.95,2.2387
2664,27.96,2.24
2665,27.96,2.2413
2666,27.96,2.2413
2667,27.96,2.2425
2668,27.96,2.2425
2669,27.97,2.2437
2670,27.97,2.245
2671,27.97,2.2462
2672,27.97,2.2462
2673,27.97,2.2475
2674,27.97,2.2487
2675,27.98,2.2487
2676,27.98,2.25
2677,27.98,2.2513
2678,27.98,2.2513
2679,27.98,2.2525
2680,27.98,2.2537
2681,27.99,2.2537
2682,27.99,2.255
2683,27.99,2.2562
2684,27.99,2.2562
2685,28.0,2.2575
2686,28.0,2.2587
2687,28.0,2.2587
2688,28.0,2.26
2689,28.0,2.2613
2690,28.0,2.2613
2691,28.01,2.2625
2692,28.01,2.2637
2693,28.01,2.2637
2694,28.01,2.265
2695,28.01,2.2662
2696,28.01,2.2662
2697,28.02,2.2675
2698,28.02,2.2687
2699,28.02,2.2687
2700,28.02,2.27
2701,28.03,2.2713
2702,28.02,2.2713
2703,28.03,2.2725
2704,28.03,2.2738
2705,28.03,2.2738
2706,28.03,2.275
2707,28.03,2.2762
2708,28.04,2.2762
2709,28.04,2.2775
2710,28.04,2.2787
2711,28.04,2.2787
2712,28.05,2.28
2713,28.05,2.2812
2714,28.05,2.2812
2715,28.05,2.2825
2716,28.05,2.2838
2717,28.06,2.2838
2718,28.06,2.285
2719,28.06,2.2862
2720,28.06,2.2862
2721,28.06,2.2875
2722,28.07,2.2887
2723,28.07,2.2887
2724,28.07,2.29
2725,28.07,2.2912
2726,28.07,2.2912
2727,28.07,2.2925
2728,28.07,2.2938
2729,28.08,2.2938
2730,28.08,2.295
2731,28.08,2.2962
2732,28.08,2.2962
2733,28.08,2.2975
2734,28.09,2.2987
2735,28.09,2.2987
2736,28.09,2.3
2737,28.09,2.3012
2738,28.09,2.3012
2739,28.09,2.3025
2740,28.1,2.3038
2741,28.1,2.3038
2742,28.1,2.305
2743,28.1,2.3062
2744,28.11,2.3062
2745,28.1,2.3075
2746,28.11,2.3087
2747,28.11,2.3087
2748,28.11,2.31
2749,28.11,2.3112
2750,28.12,2.3125
2751,28.12,2.3125
2752,28.12,2.3138
2753,28.12,2.3138
2754,28.12,2.315
2755,28.12,2.3162
2756,28.12,2.3162
2757,28.12,2.3175
2758,28.13,2.3187
2759,28.13,2.3187
2760,28.13,2.32
2761,28.13,2.3212
2762,28.13,2.3212
2763,28.14,2.3225
2764,28.14,2.3238
2765,28.14,2.3238
2766,28.14,2.325
2767,28.14,2.3262
2768,28.14,2.3262
2769,28.15,2.3275
2770,28.15,2.3287
2771,28.15,2.3287
2772,28.15,2.33
2773,28.16,2.3312
2774,28.15,2.3312
2775,28.16,2.3325
2776,28.16,2.3338
2777,28.16,2.3338
2778,28.16,2.335
2779,28.16,2.3363
2780,28.17,2.3363
2781,28.17,2.3375
2782,28.17,2.3387
2783,28.17,2.3387
2784,28.18,2.34
2785,28.18,2.3412
2786,28.18,2.3412
2787,28.18,2.3425
2788,28.18,2.3438
2789,28.19,2.3438
2790,28.19,2.345
2791,28.19,2.3463
2792,28.19,2.3463
2793,28.19,2.3475
2794,28.19,2.3487
2795,28.2,2.3487
2796,28.2,2.35
2797,28.2,2.3512
2798,28.2,2.3512
2799,28.2,2.3525
2800,28.2,2.3537
2801,28.21,2.3537
2802,28.21,2.355
2803,28.21,2.3563
2804,28.21,2.3563
2805,28.21,2.3575
2806,28.22,2.3587
2807,28.22,2.3587
2808,28.22,2.36
2809,28.22,2.3612
2810,28.22,2.3612
2811,28.22,2.3625
2812,28.23,2.3637
2813,28.23,2.3637
2814,28.23,2.365
2815,28.23,2.3663
2816,28.23,2.3663
2817,28.24,2.3675
2818,28.24,2.3687
2819,28.24,2.3687
2820,28.24,2.37
2821,28.24,2.3712
2822,28.24,2.3712
2823,28.24,2.3725
2824,28.25,2.3737
2825,28.25,2.3737
2826,28.25,2.375
2827,28.26,2.3763
2828,28.26,2.3763
2829,28.26,2.3775
2830,28.26,2.3787
2831,28.26,2.3787
2832,28.26,2.38
2833,28.26,2.3812
2834,28.27,2.3812
2835,28.27,2.3825
2836,28.27,2.3837
2837,28.27,2.3837
2838,28.27,2.385
2839,28.28,2.3863
2840,28.28,2.3863
2841,28.28,2.3875
2842,28.28,2.3887
2843,28.28,2.3887
2844,28.28,2.39
2845,28.29,2.3912
2846,28.29,2.3912
2847,28.29,2.3925
2848,28.29,2.3937
2849,28.29,2.3937
2850,28.3,2.395
2851,28.3,2.3963
2852,28.3,2.3963
2853,28.3,2.3975
2854,28.3,2.3987
2855,28.3,2.3987
2856,28.31,2.4
2857,28.31,2.4012
2858,28.31,2.4012
2859,28.31,2.4025
2860,28.31,2.4037
2861,28.31,2.4037
2862,28.32,2.405
2863,28.32,2.4062
2864,28.32,2.4062
2865,28.32,2.4075
2866,28.33,2.4088
2867,28.33,2.4088
2868,28.33,2.41
2869,28.33,2.4112
2870,28.33,2.4125
2871,28.34,2.4125
2872,28.34,2.4137
2873,28.34,2.4137
2874,28.34,2.415
2875,28.34,2.4162
2876,28.35,2.4162
2877,28.35,2.4175
2878,28.35,2.4188
2879,28.35,2.42
2880,28.35,2.42
2881,28.35,2.4212
2882,28.35,2.4225
2883,28.36,2.4225
2884,28.36,2.4237
2885,28.36,2.425
2886,28.36,2.425
2887,28.36,2.4262
2888,28.36,2.4275
2889,28.37,2.4275
2890,28.37,2.4288
2891,28.37,2.43
2892,28.37,2.43
2893,28.37,2.4312
2894,28.37,2.4325
2895,28.38,2.4325
2896,28.38,2.4337
2897,28.38,2.435
2898,28.38,2.435
2899,28.39,2.4362
2900,28.39,2.4375
2901,28.39,2.4375
2902,28.39,2.4388
2903,28.39,2.44
2904,28.39,2.44
2905,28.4,2.4412
2906,28.4,2.4425
2907,28.4,2.4425
2908,28.4,2.4437
2909,28.4,2.445
2910,28.4,2.445
2911,28.41,2.4462
2912,28.41,2.4475
2913,28.41,2.4475
2914,28.41,2.4488
2915,28.41,2.45
2916,28.42,2.45
2917,28.42,2.4512
2918,28.42,2.4525
2919,28.42,2.4525
2920,28.42,2.4537
2921,28.42,2.455
2922,28.43,2.455
2923,28.43,2.4562
2924,28.43,2.4575
2925,28.43,2.4575
2926,28.44,2.4588
2927,28.43,2.46
2928,28.44,2.46
2929,28.44,2.4612
2930,28.44,2.4625
2931,28.44,2.4625
2932,28.45,2.4637
2933,28.45,2.465
2934,28.45,2.465
2935,28.45,2.4662
2936,28.45,2.4675
2937,28.45,2.4675
2938,28.45,2.4688
2939,28.45,2.47
2940,28.46,2.47
2941,28.46,2.4713
2942,28.46,2.4725
2943,28.46,2.4725
2944,28.46,2.4737
2945,28.46,2.475
2946,28.46,2.475
2947,28.47,2.4762
2948,28.47,2.4775
2949,28.47,2.4775
2950,28.47,2.4787
2951,28.48,2.48
2952,28.48,2.48
2953,28.48,2.4813
2954,28.48,2.4825
2955,28.48,2.4825
2956,28.49,2.4837
2957,28.49,2.485
2958,28.49,2.485
2959,28.49,2.4862
2960,28.49,2.4875
2961,28.49,2.4875
2962,28.5,2.4887
2963,28.5,2.49
2964,28.5,2.49
2965,28.5,2.4913
2966,28.5,2.4925
2967,28.51,2.4925
2968,28.51,2.4937
2969,28.51,2.495
2970,28.51,2.495
2971,28.51,2.4962
2972,28.51,2.4975
2973,28.52,2.4975
2974,28.52,2.4987
2975,28.52,2.5
2976,28.52,2.5
2977,28.52,2.5013
2978,28.52,2.5025
2979,28.52,2.5025
2980,28.52,2.5037
2981,28.53,2.505
2982,28.53,2.505
2983,28.53,2.5062
2984,28.53,2.5075
2985,28.54,2.5075
2986,28.54,2.5087
2987,28.54,2.51
2988,28.54,2.51
2989,28.54,2.5113
2990,28.55,2.5125
2991,28.55,2.5125
2992,28.55,2.5137
2993,28.55,2.515
2994,28.55,2.515
2995,28.55,2.5162
2996,28.55,2.5175
2997,28.56,2.5175
2998,28.56,2.5187
2999,28.56,2.52
3000,28.56,2.52
3001,28.57,2.5213
3002,28.57,2.5225
3003,28.57,2.5225
3004,28.57,2.5237
3005,28.57,2.525
3006,28.58,2.525
3007,28.58,2.5262
3008,28.58,2.5275
3009,28.58,2.5275
3010,28.59,2.5287
3011,28.59,2.53
3012,28.59,2.53
3013,28.59,2.5312
3014,28.59,2.5325
3015,28.59,2.5325
3016,28.59,2.5338
3017,28.59,2.535
3018,28.6,2.535
3019,28.6,2.5362
3020,28.6,2.5375
3021,28.6,2.5375
3022,28.6,2.5387
3023,28.6,2.54
3024,28.61,2.54
3025,28.61,2.5412
3026,28.61,2.5425
3027,28.61,2.5425
3028,28.61,2.5438
3029,28.61,2.545
3030,28.62,2.545
3031,28.62,2.5462
3032,28.62,2.5475
3033,28.62,2.5475
3034,28.63,2.5487
3035,28.63,2.55
3036,28.63,2.55
3037,28.63,2.5512
3038,28.63,2.5525
3039,28.64,2.5525
3040,28.64,2.5538
3041,28.64,2.555
3042,28.64,2.555
3043,28.64,2.5562
3044,28.64,2.5575
3045,28.64,2.5575
3046,28.65,2.5587
3047,28.65,2.56
3048,28.65,2.56
3049,28.65,2.5612
3050,28.65,2.5625
3051,28.65,2.5625
3052,28.66,2.5638
3053,28.66,2.565
3054,28.66,2.565
3055,28.66,2.5662
3056,28.66,2.5675
3057,28.66,2.5675
3058,28.66,2.5687
3059,28.67,2.57
3060,28.67,2.57
3061,28.67,2.5712
3062,28.67,2.5725
3063,28.68,2.5725
3064,28.68,2.5738
3065,28.68,2.575
3066,28.68,2.575
3067,28.68,2.5762
3068,28.68,2.5762
3069,28.69,2.5775
3070,28.69,2.5787
3071,28.69,2.5787
3072,28.69,2.58
3073,28.69,2.5812
3074,28.7,2.5825
3075,28.7,2.5825
3076,28.7,2.5838
3077,28.7,2.5838
3078,28.71,2.585
3079,28.71,2.5862
3080,28.7,2.5862
3081,28.71,2.5875
3082,28.71,2.5887
3083,28.71,2.59
3084,28.71,2.59
3085,28.72,2.5912
3086,28.72,2.5925
3087,28.72,2.5925
3088,28.72,2.5938
3089,28.72,2.595
3090,28.72,2.595
3091,28.73,2.5963
3092,28.72,2.5963
3093,28.73,2.5975
3094,28.73,2.5987
3095,28.73,2.6
3096,28.73,2.6
3097,28.74,2.6012
3098,28.74,2.6025
3099,28.74,2.6025
3100,28.74,2.6037
3101,28.74,2.605
3102,28.74,2.605
3103,28.75,2.6063
3104,28.75,2.6075
3105,28.75,2.6075
3106,28.75,2.6087
3107,28.76,2.61
3108,28.76,2.61
3109,28.76,2.6112
3110,28.76,2.6125
3111,28.76,2.6125
3112,28.76,2.6137
3113,28.76,2.615
3114,28.77,2.615
3115,28.77,2.6163
3116,28.77,2.6175
3117,28.77,2.6175
3118,28.77,2.6187
3119,28.78,2.62
3120,28.78,2.62
3121,28.78,2.6212
3122,28.78,2.6225
3123,28.78,2.6225
3124,28.79,2.6237
3125,28.79,2.625
3126,28.79,2.625
3127,28.79,2.6263
3128,28.79,2.6275
3129,28.8,2.6275
3130,28.8,2.6287
3131,28.8,2.63
3132,28.8,2.63
3133,28.8,2.6312
3134,28.8,2.6325
3135,28.81,2.6325
3136,28.81,2.6337
3137,28.81,2.635
3138,28.81,2.635
3139,28.81,2.6363
3140,28.82,2.6375
3141,28.82,2.6375
3142,28.82,2.6387
3143,28.82,2.64
3144,28.82,2.64
3145,28.82,2.6412
3146,28.82,2.6425
3147,28.83,2.6425
3148,28.83,2.6437
3149,28.83,2.645
3150,28.83,2.645
3151,28.83,2.6463
3152,28.83,2.6475
3153,28.84,2.6475
3154,28.84,2.6487
3155,28.84,2.65
3156,28.84,2.65
3157,28.85,2.6512
3158,28.85,2.6525
3159,28.85,2.6525
3160,28.85,2.6537
3161,28.85,2.655
3162,28.85,2.655
3163,28.85,2.6562
3164,28.86,2.6575
3165,28.86,2.6575
3166,28.86,2.6588
3167,28.86,2.66
3168,28.86,2.66
3169,28.86,2.6612
3170,28.86,2.6625
3171,28.87,2.6625
3172,28.87,2.6637
3173,28.87,2.665
3174,28.87,2.665
3175,28.88,2.6662
3176,28.88,2.6675
3177,28.88,2.6675
3178,28.88,2.6688
3179,28.88,2.67
3180,28.89,2.6712
3181,28.89,2.6712
3182,28.89,2.6725
3183,28.89,2.6725
3184,28.89,2.6737
3185,28.9,2.675
3186,28.9,2.6762
3187,28.9,2.6762
3188,28.9,2.6775
3189,28.9,2.6788
3190,28.9,2.6788
3191,28.91,2.68
3192,28.91,2.6812
3193,28.91,2.6812
3194,28.91,2.6825
3195,28.91,2.6825
3196,28.91,2.6837
3197,28.91,2.685
3198,28.92,2.6862
3199,28.92,2.6862
3200,28.92,2.6875
3201,28.93,2.6888
3202,28.93,2.6888
3203,28.93,2.69
3204,28.93,2.6912
3205,28.93,2.6912
3206,28.93,2.6925
3207,28.94,2.6937
3208,28.93,2.6937
3209,28.94,2.695
3210,28.94,2.6962
3211,28.94,2.6962
3212,28.94,2.6975
3213,28.95,2.6988
3214,28.94,2.6988
3215,28.95,2.7
3216,28.95,2.7012
3217,28.95,2.7012
3218,28.95,2.7025
3219,28.95,2.7037
3220,28.96,2.7037
3221,28.96,2.705
3222,28.96,2.7062
3223,28.96,2.7062
3224,28.96,2.7075
3225,28.96,2.7088
3226,28.96,2.7088
3227,28.97,2.71
3228,28.97,2.7112
3229,28.97,2.7112
3230,28.98,2.7125
3231,28.97,2.7137
3232,28.98,2.7137
3233,28.98,2.715
3234,28.98,2.7162
3235,28.98,2.7162
3236,28.98,2.7175
3237,28.98,2.7188
3238,28.99,2.7188
3239,28.99,2.72
3240,28.99,2.7213
3241,28.99,2.7213
3242,29.0,2.7225
3243,29.0,2.7237
3244,29.0,2.7237
3245,29.0,2.725
3246,29.0,2.7262
3247,29.0,2.7262
3248,29.0,2.7275
3249,29.01,2.7287
3250,29.01,2.7287
3251,29.01,2.73
3252,29.01,2.7313
3253,29.02,2.7313
3254,29.02,2.7325
3255,29.02,2.7337
3256,29.02,2.7337
3257,29.02,2.735
3258,29.03,2.7362
3259,29.03,2.7362
3260,29.03,2.7375
3261,29.03,2.7387
3262,29.03,2.7387
3263,29.03,2.74
3264,29.03,2.7413
3265,29.04,2.7413
3266,29.04,2.7425
3267,29.04,2.7437
3268,29.04,2.7437
3269,29.04,2.745
3270,29.05,2.7462
3271,29.05,2.7462
3272,29.05,2.7475
3273,29.05,2.7487
3274,29.05,2.7487
3275,29.05,2.75
3276,29.05,2.7513
3277,29.05,2.7513
3278,29.06,2.7525
3279,29.06,2.7537
3280,29.06,2.7537
3281,29.06,2.755
3282,29.06,2.7562
3283,29.07,2.7562
3284,29.07,2.7575
3285,29.07,2.7587
3286,29.08,2.7587
3287,29.07,2.76
3288,29.08,2.76
3289,29.08,2.7613
3290,29.08,2.7625
3291,29.08,2.7625
3292,29.08,2.7637
3293,29.09,2.765
3294,29.09,2.7662
3295,29.09,2.7662
3296,29.09,2.7675
3297,29.09,2.7675
3298,29.09,2.7687
3299,29.09,2.77
3300,29.1,2.77
3301,29.1,2.7713
3302,29.1,2.7725
3303,29.1,2.7725
3304,29.11,2.7737
3305,29.11,2.775
3306,29.11,2.775
3307,29.11,2.7762
3308,29.11,2.7775
3309,29.11,2.7775
3310,29.11,2.7787
3311,29.12,2.78
3312,29.12,2.78
3313,29.12,2.7812
3314,29.12,2.7825
3315,29.12,2.7825
3316,29.13,2.7837
3317,29.13,2.785
3318,29.13,2.785
3319,29.13,2.7862
3320,29.13,2.7875
3321,29.14,2.7875
3322,29.14,2.7887
3323,29.14,2.79
3324,29.14,2.79
3325,29.14,2.7912
3326,29.15,2.7925
3327,29.15,2.7925
3328,29.15,2.7938
3329,29.15,2.795
3330,29.15,2.795
3331,29.16,2.7962
3332,29.16,2.7975
3333,29.16,2.7975
3334,29.16,2.7987
3335,29.16,2.8
3336,29.16,2.8
3337,29.16,2.8012
3338,29.17,2.8025
3339,29.17,2.8025
3340,29.17,2.8038
3341,29.17,2.805
3342,29.18,2.805
3343,29.18,2.8062
3344,29.18,2.8075
3345,29.18,2.8075
3346,29.18,2.8087
3347,29.18,2.81
3348,29.19,2.81
3349,29.19,2.8112
3350,29.19,2.8125
3351,29.19,2.8125
3352,29.19,2.8138
3353,29.19,2.815
3354,29.2,2.815
3355,29.2,2.8162
3356,29.2,2.8175
3357,29.2,2.8175
3358,29.2,2.8187
3359,29.2,2.82
3360,29.2,2.82
3361,29.2,2.8212
3362,29.21,2.8225
3363,29.21,2.8225
3364,29.22,2.8238
3365,29.22,2.825
3366,29.22,2.8262
3367,29.22,2.8262
3368,29.22,2.8275
3369,29.22,2.8287
3370,29.22,2.8287
3371,29.23,2.83
3372,29.23,2.8312
3373,29.23,2.8312
3374,29.23,2.8325
3375,29.24,2.8338
3376,29.24,2.8338
3377,29.24,2.835
3378,29.24,2.8362
3379,29.24,2.8362
3380,29.24,2.8375
3381,29.24,2.8387
3382,29.25,2.8387
3383,29.25,2.84
3384,29.25,2.8412
3385,29.25,2.8412
3386,29.25,2.8425
3387,29.26,2.8438
3388,29.26,2.8438
3389,29.26,2.845
3390,29.26,2.8462
3391,29.26,2.8462
3392,29.26,2.8475
3393,29.26,2.8487
3394,29.27,2.8487
3395,29.27,2.85
3396,29.27,2.8512
3397,29.28,2.8512
3398,29.27,2.8525
3399,29.28,2.8537
3400,29.28,2.8537
3401,29.28,2.855
3402,29.28,2.8563
3403,29.28,2.8563
3404,29.28,2.8575
3405,29.29,2.8587
3406,29.29,2.8587
3407,29.29,2.86
3408,29.3,2.8612
3409,29.3,2.8612
3410,29.3,2.8625
3411,29.3,2.8637
3412,29.3,2.8637
3413,29.3,2.865
3414,29.3,2.8663
3415,29.3,2.8663
3416,29.31,2.8675
3417,29.31,2.8687
3418,29.31,2.8687
3419,29.31,2.87
3420,29.31,2.8712
3421,29.31,2.8712
3422,29.31,2.8725
3423,29.32,2.8737
3424,29.32,2.8737
3425,29.32,2.875
3426,29.33,2.8763
3427,29.33,2.8763
3428,29.33,2.8775
3429,29.33,2.8787
3430,29.33,2.8787
3431,29.33,2.88
3432,29.33,2.8812
3433,29.33,2.8812
3434,29.34,2.8825
3435,29.34,2.8837
3436,29.34,2.8837
3437,29.34,2.885
3438,29.35,2.8863
3439,29.35,2.8863
3440,29.35,2.8875
3441,29.35,2.8887
3442,29.35,2.8887
3443,29.35,2.89
3444,29.35,2.8912
3445,29.36,2.8912
3446,29.36,2.8925
3447,29.36,2.8937
3448,29.36,2.8937
3449,29.36,2.895
3450,29.37,2.8963
3451,29.37,2.8963
3452,29.37,2.8975
3453,29.37,2.8987
3454,29.37,2.8987
3455,29.38,2.9
3456,29.38,2.9012
3457,29.38,2.9012
3458,29.38,2.9025
3459,29.38,2.9037
3460,29.39,2.9037
3461,29.39,2.905
3462,29.39,2.9062
3463,29.39,2.9062
3464,29.39,2.9075
3465,29.39,2.9087
3466,29.4,2.9087
3467,29.4,2.91
3468,29.4,2.9112
3469,29.4,2.9112
3470,29.4,2.9125
3471,29.41,2.9137
3472,29.41,2.9137
3473,29.41,2.915
3474,29.41,2.9162
3475,29.41,2.9162
3476,29.42,2.9175
3477,29.42,2.9188
3478,29.42,2.9188
3479,29.42,2.92
3480,29.42,2.9212
3481,29.42,2.9212
3482,29.43,2.9225
3483,29.43,2.9225
3484,29.43,2.9237
3485,29.43,2.925
3486,29.43,2.9262
3487,29.43,2.9262
3488,29.44,2.9275
3489,29.44,2.9288
3490,29.44,2.9288
3491,29.44,2.93
3492,29.44,2.9312
3493,29.45,2.9312
3494,29.45,2.9325
3495,29.45,2.9325
3496,29.45,2.9337
3497,29.45,2.935
3498,29.46,2.9362
3499,29.46,2.9362
3500,29.46,2.9375
3501,29.46,2.9388
3502,29.46,2.9388
3503,29.47,2.94
3504,29.47,2.9412
3505,29.47,2.9412
3506,29.47,2.9425
3507,29.47,2.9437
3508,29.47,2.9437
3509,29.47,2.945
3510,29.48,2.9462
3511,29.48,2.9462
3512,29.48,2.9475
3513,29.48,2.9488
3514,29.48,2.9488
3515,29.48,2.95
3516,29.48,2.9512
3517,29.49,2.9512
3518,29.49,2.9525
3519,29.49,2.9537
3520,29.5,2.9537
3521,29.5,2.955
3522,29.5,2.9562
3523,29.5,2.9562
3524,29.5,2.9575
3525,29.5,2.9588
3526,29.5,2.9588
3527,29.5,2.96
3528,29.51,2.9612
3529,29.51,2.9612
3530,29.51,2.9625
3531,29.51,2.9637
3532,29.51,2.9637
3533,29.52,2.965
3534,29.52,2.9662
3535,29.52,2.9662
3536,29.52,2.9675
3537,29.52,2.9688
3538,29.53,2.9688
3539,29.53,2.97
3540,29.53,2.9712
3541,29.53,2.9712
3542,29.53,2.9725
3543,29.53,2.9737
3544,29.54,2.9737
3545,29.54,2.975
3546,29.54,2.9762
3547,29.54,2.9762
3548,29.54,2.9775
3549,29.55,2.9775
3550,29.55,2.9787
3551,29.54,2.98
3552,29.55,2.98
3553,29.55,2.9813
3554,29.55,2.9825
3555,29.55,2.9825
3556,29.56,2.9837
3557,29.56,2.985
3558,29.56,2.985
3559,29.56,2.9862
3560,29.57,2.9875
3561,29.57,2.9875
3562,29.57,2.9887
3563,29.57,2.99
3564,29.57,2.99
3565,29.57,2.9913
3566,29.58,2.9925
3567,29.58,2.9925
3568,29.58,2.9937
3569,29.58,2.995
3570,29.58,2.995
3571,29.58,2.9962
3572,29.59,2.9975
3573,29.59,2.9975
3574,29.59,2.9987
3575,29.59,3.0
3576,29.59,3.0
3577,29.6,3.0013
3578,29.59,3.0025
3579,29.6,3.0025
3580,29.6,3.0037
3581,29.6,3.0037
3582,29.6,3.005
3583,29.61,3.0062
3584,29.61,3.0062
3585,29.61,3.0075
3586,29.61,3.0087
3587,29.61,3.0087
3588,29.61,3.01
3589,29.62,3.0113
3590,29.62,3.0113
3591,29.62,3.0125
3592,29.62,3.0137
3593,29.62,3.0137
3594,29.63,3.015
3595,29.63,3.0162
3596,29.63,3.0162
3597,29.63,3.0175
3598,29.63,3.0187
3599,29.64,3.0187
3600,29.64,3.02
3601,29.64,3.0213
3602,29.64,3.0213
3603,29.64,3.0225
3604,29.65,3.0237
3605,29.65,3.0237
3606,29.65,3.025
3607,29.65,3.0262
3608,29.65,3.0262
3609,29.65,3.0275
3610,29.65,3.0287
3611,29.65,3.0287
3612,29.66,3.03
3613,29.66,3.0312
3614,29.66,3.0312
3615,29.67,3.0325
3616,29.66,3.0337
3617,29.67,3.0337
3618,29.67,3.035
3619,29.67,3.0362
3620,29.67,3.0362
3621,29.67,3.0375
3622,29.68,3.0387
3623,29.68,3.0387
3624,29.68,3.04
3625,29.68,3.0412
3626,29.68,3.0412
3627,29.69,3.0425
3628,29.68,3.0438
3629,29.69,3.0438
3630,29.69,3.045
3631,29.69,3.0462
3632,29.69,3.0462
3633,29.69,3.0475
3634,29.67,3.0487
3635,29.68,3.0487
3636,29.69,3.05
3637,29.69,3.0512
3638,29.7,3.0512
3639,29.7,3.0525
3640,29.71,3.0538
3641,29.71,3.0538
3642,29.72,3.055
3643,29.72,3.0562
3644,29.72,3.0562
3645,29.72,3.0575
3646,29.72,3.0587
3647,29.72,3.0587
3648,29.73,3.06
3649,29.73,3.0612
3650,29.73,3.0612
3651,29.73,3.0625
3652,29.73,3.0638
3653,29.73,3.0638
3654,29.74,3.065
3655,29.74,3.0662
3656,29.74,3.0662
3657,29.74,3.0675
3658,29.74,3.0687
3659,29.75,3.0687
3660,29.75,3.07
3661,29.75,3.0712
3662,29.75,3.0712
3663,29.75,3.0725
3664,29.75,3.0738
3665,29.76,3.0738
3666,29.76,3.075
3667,29.76,3.0762
3668,29.76,3.0762
3669,29.77,3.0775
3670,29.77,3.0787
3671,29.77,3.0787
3672,29.77,3.08
3673,29.77,3.0812
3674,29.77,3.0812
3675,29.78,3.0825
3676,29.78,3.0838
3677,29.78,3.0838
3678,29.78,3.085
3679,29.79,3.0862
3680,29.79,3.0862
3681,29.79,3.0875
3682,29.79,3.0887
3683,29.79,3.0887
3684,29.79,3.09
3685,29.79,3.0912
3686,29.8,3.0912
3687,29.79,3.0925
3688,29.8,3.0938
3689,29.8,3.0938
3690,29.8,3.095
3691,29.8,3.0962
3692,29.8,3.0962
3693,29.81,3.0975
3694,29.81,3.0987
3695,29.81,3.0987
3696,29.81,3.1
3697,29.81,3.1012
3698,29.82,3.1025
3699,29.82,3.1025
3700,29.82,3.1037
3701,29.82,3.1037
3702,29.82,3.105
3703,29.82,3.1063
3704,29.82,3.1063
3705,29.83,3.1075
3706,29.83,3.1087
3707,29.83,3.11
3708,29.83,3.11
3709,29.84,3.1112
3710,29.84,3.1125
3711,29.84,3.1125
3712,29.84,3.1137
3713,29.84,3.115
3714,29.84,3.115
3715,29.84,3.1163
3716,29.85,3.1175
3717,29.85,3.1175
3718,29.85,3.1187
3719,29.86,3.12
3720,29.86,3.12
3721,29.86,3.1212
3722,29.86,3.1225
3723,29.86,3.1225
3724,29.86,3.1237
3725,29.86,3.125
3726,29.86,3.125
3727,29.87,3.1263
3728,29.87,3.1275
3729,29.87,3.1275
3730,29.87,3.1287
3731,29.87,3.13
3732,29.88,3.13
3733,29.88,3.1312
3734,29.88,3.1325
3735,29.88,3.1325
3736,29.88,3.1337
3737,29.88,3.135
3738,29.89,3.135
3739,29.89,3.1363
3740,29.89,3.1375
3741,29.89,3.1375
3742,29.89,3.1387
3743,29.89,3.14
3744,29.9,3.14
3745,29.89,3.1412
3746,29.9,3.1425
3747,29.9,3.1425
3748,29.91,3.1437
3749,29.91,3.145
3750,29.91,3.145
3751,29.91,3.1463
3752,29.91,3.1475
3753,29.91,3.1475
3754,29.91,3.1487
3755,29.92,3.15
3756,29.92,3.15
3757,29.92,3.1512
3758,29.92,3.1525
3759,29.92,3.1525
3760,29.93,3.1537
3761,29.93,3.155
3762,29.93,3.155
3763,29.93,3.1562
3764,29.94,3.1575
3765,29.93,3.1575
3766,29.94,3.1587
3767,29.94,3.16
3768,29.94,3.16
3769,29.94,3.1612
3770,29.95,3.1625
3771,29.95,3.1625
3772,29.95,3.1637
3773,29.95,3.165
3774,29.95,3.165
3775,29.95,3.1662
3776,29.95,3.1675
3777,29.96,3.1675
3778,29.96,3.1688
3779,29.96,3.17
3780,29.96,3.17
3781,29.97,3.1712
3782,29.97,3.1725
3783,29.97,3.1725
3784,29.97,3.1737
3785,29.97,3.175
3786,29.97,3.175
3787,29.98,3.1762
3788,29.98,3.1775
3789,29.98,3.1788
3790,29.98,3.1788
3791,29.98,3.18
3792,29.98,3.18
3793,29.99,3.1812
3794,29.99,3.1825
3795,29.99,3.1825
3796,29.99,3.1837
3797,29.99,3.185
3798,29.99,3.185
3799,30.0,3.1862
3800,30.0,3.1875
3801,30.0,3.1875
3802,30.0,3.1888
3803,30.01,3.19
3804,30.01,3.19
3805,30.01,3.1912
3806,30.0,3.1925
3807,30.01,3.1925
3808,30.01,3.1937
3809,30.02,3.195
3810,30.02,3.195
3811,30.02,3.1962
3812,30.02,3.1975
3813,30.03,3.1975
3814,30.03,3.1988
3815,30.03,3.2
3816,30.03,3.2
3817,30.03,3.2012
3818,30.03,3.2025
3819,30.04,3.2025
3820,30.04,3.2037
3821,30.04,3.205
3822,30.04,3.205
3823,30.05,3.2062
3824,30.04,3.2075
3825,30.05,3.2075
3826,30.05,3.2088
3827,30.05,3.21
3828,30.05,3.21
3829,30.05,3.2112
3830,30.05,3.2125
3831,30.06,3.2125
3832,30.06,3.2137
3833,30.06,3.215
3834,30.06,3.2162
3835,30.07,3.2162
3836,30.06,3.2175
3837,30.07,3.2188
3838,30.07,3.2188
3839,30.07,3.22
3840,30.08,3.2212
3841,30.08,3.2212
3842,30.08,3.2225
3843,30.08,3.2237
3844,30.08,3.2237
3845,30.08,3.225
3846,30.08,3.2262
3847,30.09,3.2262
3848,30.09,3.2275
3849,30.09,3.2287
3850,30.09,3.2287
3851,30.09,3.23
3852,30.1,3.2312
3853,30.1,3.2312
3854,30.1,3.2325
3855,30.1,3.2337
3856,30.1,3.2337
3857,30.11,3.235
3858,30.11,3.2362
3859,30.11,3.2362
3860,30.11,3.2375
3861,30.11,3.2387
3862,30.11,3.2387
3863,30.12,3.24
3864,30.12,3.2413
3865,30.12,3.2413
3866,30.12,3.2425
3867,30.12,3.2437
3868,30.12,3.2437
3869,30.13,3.245
3870,30.13,3.2462
3871,30.13,3.2462
3872,30.13,3.2475
3873,30.13,3.2487
3874,30.14,3.2487
3875,30.14,3.25
3876,30.14,3.2513
3877,30.14,3.2513
3878,30.14,3.2525
3879,30.14,3.2537
3880,30.15,3.2537
3881,30.15,3.255
3882,30.15,3.2562
3883,30.15,3.2562
3884,30.15,3.2575
3885,30.16,3.2587
3886,30.16,3.2587
3887,30.16,3.26
3888,30.16,3.2613
3889,30.16,3.2613
3890,30.16,3.2625
3891,30.16,3.2637
3892,30.17,3.2637
3893,30.17,3.265
3894,30.17,3.2662
3895,30.17,3.2662
3896,30.18,3.2675
3897,30.18,3.2687
3898,30.18,3.2687
3899,30.18,3.27
3900,30.18,3.2713
3901,30.18,3.2713
3902,30.19,3.2725
3903,30.19,3.2737
3904,30.19,3.2737
3905,30.19,3.275
3906,30.19,3.2762
3907,30.2,3.2762
3908,30.2,3.2775
3909,30.2,3.2787
3910,30.2,3.2787
3911,30.2,3.28
3912,30.21,3.2812
3913,30.2,3.2812
3914,30.21,3.2825
3915,30.21,3.2837
3916,30.21,3.2837
3917,30.21,3.285
3918,30.22,3.2862
3919,30.22,3.2862
3920,30.22,3.2875
3921,30.22,3.2887
3922,30.22,3.2887
3923,30.22,3.29
3924,30.23,3.2912
3925,30.23,3.2912
3926,30.23,3.2925
3927,30.23,3.2937
3928,30.23,3.2937
3929,30.24,3.295
3930,30.24,3.2962
3931,30.24,3.2962
3932,30.24,3.2975
3933,30.24,3.2987
3934,30.25,3.2987
3935,30.25,3.3
3936,30.25,3.3012
3937,30.25,3.3012
3938,30.25,3.3025
3939,30.26,3.3038
3940,30.26,3.3038
3941,30.26,3.305
3942,30.26,3.3062
3943,30.26,3.3062
3944,30.26,3.3075
3945,30.27,3.3087
3946,30.27,3.3087
3947,30.27,3.31
3948,30.27,3.3112
3949,30.27,3.3112
3950,30.27,3.3125
3951,30.28,3.3138
3952,30.28,3.3138
3953,30.28,3.315
3954,30.28,3.3162
3955,30.29,3.3162
3956,30.29,3.3175
3957,30.29,3.3187
3958,30.29,3.3187
3959,30.29,3.32
3960,30.29,3.3212
3961,30.29,3.3212
3962,30.3,3.3225
3963,30.3,3.3238
3964,30.3,3.3238
3965,30.3,3.325
3966,30.3,3.3262
3967,30.3,3.3262
3968,30.31,3.3275
3969,30.31,3.3287
3970,30.31,3.3287
3971,30.32,3.33
3972,30.31,3.3312
3973,30.31,3.3312
3974,30.32,3.3325
3975,30.32,3.3338
3976,30.32,3.3338
3977,30.32,3.335
3978,30.33,3.3362
3979,30.33,3.3362
3980,30.33,3.3375
3981,30.33,3.3387
3982,30.33,3.3387
3983,30.33,3.34
3984,30.33,3.3412
3985,30.34,3.3412
3986,30.34,3.3425
3987,30.34,3.3438
3988,30.35,3.3438
3989,30.35,3.345
3990,30.35,3.3462
3991,30.35,3.3462
3992,30.36,3.3475
3993,30.36,3.3487
3994,30.36,3.3487
3995,30.36,3.35
3996,30.36,3.3512
3997,30.36,3.3512
3998,30.37,3.3525
3999,30.36,3.3537
4000,30.37,3.3537
4001,30.37,3.355
4002,30.37,3.3562
4003,30.37,3.3562
4004,30.38,3.3575
4005,30.37,3.3587
4006,30.38,3.3587
4007,30.38,3.36
4008,30.38,3.3612
4009,30.38,3.3612
4010,30.39,3.3625
4011,30.39,3.3637
4012,30.39,3.3637
4013,30.39,3.365
4014,30.39,3.3663
4015,30.39,3.3663
4016,30.39,3.3675
4017,30.39,3.3687
4018,30.4,3.3687
4019,30.4,3.37
4020,30.4,3.3712
4021,30.41,3.3712
4022,30.41,3.3725
4023,30.41,3.3737
4024,30.41,3.3737
4025,30.41,3.375
4026,30.41,3.3763
4027,30.41,3.3763
4028,30.42,3.3775
4029,30.42,3.3787
4030,30.42,3.3787
4031,30.42,3.38
4032,30.43,3.3812
4033,30.43,3.3812
4034,30.43,3.3825
4035,30.43,3.3837
4036,30.43,3.3837
4037,30.44,3.385
4038,30.44,3.3863
4039,30.44,3.3863
4040,30.44,3.3875
4041,30.45,3.3887
4042,30.45,3.3887
4043,30.45,3.39
4044,30.45,3.3912
4045,30.45,3.3912
4046,30.45,3.3925
4047,30.46,3.3937
4048,30.46,3.3937
4049,30.46,3.395
4050,30.46,3.3963
4051,30.46,3.3963
4052,30.46,3.3975
4053,30.47,3.3987
4054,30.47,3.3987
4055,30.47,3.4
4056,30.47,3.4012
4057,30.47,3.4012
4058,30.47,3.4025
4059,30.47,3.4037
4060,30.48,3.4037
4061,30.48,3.405
4062,30.48,3.4062
4063,30.49,3.4062
4064,30.49,3.4075
4065,30.49,3.4087
4066,30.49,3.4087
4067,30.49,3.41
4068,30.49,3.4112
4069,30.49,3.4112
4070,30.5,3.4125
4071,30.5,3.4137
4072,30.5,3.4137
4073,30.5,3.415
4074,30.5,3.4162
4075,30.51,3.4162
4076,30.51,3.4175
4077,30.51,3.4187
4078,30.51,3.4187
4079,30.51,3.42
4080,30.52,3.4212
4081,30.52,3.4212
4082,30.52,3.4225
4083,30.52,3.4237
4084,30.53,3.4237
4085,30.53,3.425
4086,30.53,3.4262
4087,30.53,3.4262
4088,30.53,3.4275
4089,30.53,3.4288
4090,30.53,3.4288
4091,30.53,3.43
4092,30.54,3.4312
4093,30.54,3.4312
4094,30.54,3.4325
4095,30.54,3.4337
4096,30.54,3.4337
4097,30.54,3.435
4098,30.55,3.4362
4099,30.55,3.4362
4100,30.55,3.4375
4101,30.55,3.4388
4102,30.55,3.4388
4103,30.56,3.44
4104,30.56,3.4412
4105,30.56,3.4412
4106,30.56,3.4425
4107,30.56,3.4437
4108,30.56,3.4437
4109,30.57,3.445
4110,30.57,3.4462
4111,30.57,3.4462
4112,30.57,3.4475
4113,30.58,3.4488
4114,30.57,3.4488
4115,30.58,3.45
4116,30.58,3.4512
4117,30.58,3.4512
4118,30.58,3.4525
4119,30.59,3.4537
4120,30.59,3.4537
4121,30.59,3.455
4122,30.59,3.4562
4123,30.59,3.4562
4124,30.59,3.4575
4125,30.6,3.4588
4126,30.6,3.4588
4127,30.6,3.46
4128,30.6,3.4612
4129,30.61,3.4612
4130,30.61,3.4625
4131,30.61,3.4637
4132,30.61,3.4637
4133,30.61,3.465
4134,30.62,3.4662
4135,30.62,3.4662
4136,30.62,3.4675
4137,30.62,3.4688
4138,30.62,3.4688
4139,30.62,3.47
4140,30.63,3.4712
4141,30.63,3.4712
4142,30.63,3.4725
4143,30.63,3.4737
4144,30.63,3.4737
4145,30.63,3.475
4146,30.64,3.4762
4147,30.64,3.4762
4148,30.64,3.4775
4149,30.64,3.4787
4150,30.64,3.4787
4151,30.64,3.48
4152,30.65,3.4812
4153,30.65,3.4812
4154,30.65,3.4825
4155,30.65,3.4837
4156,30.66,3.4837
4157,30.66,3.485
4158,30.66,3.4862
4159,30.66,3.4862
4160,30.66,3.4875
4161,30.67,3.4887
4162,30.67,3.4887
4163,30.67,3.49
4164,30.67,3.4913
4165,30.67,3.4913
4166,30.67,3.4925
4167,30.68,3.4937
4168,30.68,3.4937
4169,30.68,3.495
4170,30.68,3.4962
4171,30.68,3.4962
4172,30.68,3.4975
4173,30.69,3.4987
4174,30.69,3.4987
4175,30.69,3.5
4176,30.69,3.5013
4177,30.7,3.5013
4178,30.7,3.5025
4179,30.7,3.5037
4180,30.7,3.5037
4181,30.7,3.505
4182,30.7,3.5062
4183,30.7,3.5062
4184,30.71,3.5075
4185,30.71,3.5087
4186,30.71,3.5087
4187,30.72,3.51
4188,30.71,3.5113
4189,30.72,3.5113
4190,30.72,3.5125
4191,30.72,3.5137
4192,30.72,3.5137
4193,30.72,3.515
4194,30.73,3.5162
4195,30.73,3.5162
4196,30.73,3.5175
4197,30.73,3.5187
4198,30.74,3.5187
4199,30.74,3.52
4200,30.74,3.5213
4201,30.74,3.5213
4202,30.74,3.5225
4203,30.75,3.5237
4204,30.75,3.5237
4205,30.75,3.525
4206,30.75,3.5262
4207,30.75,3.5262
4208,30.76,3.5275
4209,30.76,3.5287
4210,30.76,3.5287
4211,30.76,3.53
4212,30.76,3.5312
4213,30.76,3.5312
4214,30.76,3.5325
4215,30.77,3.5337
4216,30.77,3.5337
4217,30.77,3.535
4218,30.77,3.5362
4219,30.77,3.5362
4220,30.77,3.5375
4221,30.77,3.5387
4222,30.78,3.5387
4223,30.78,3.54
4224,30.78,3.5412
4225,30.78,3.5412
4226,30.78,3.5425
4227,30.78,3.5437
4228,30.79,3.5437
4229,30.79,3.545
4230,30.79,3.5462
4231,30.79,3.5462
4232,30.79,3.5475
4233,30.79,3.5487
4234,30.8,3.5487
4235,30.8,3.55
4236,30.8,3.5512
4237,30.8,3.5512
4238,30.81,3.5525
4239,30.81,3.5538
4240,30.81,3.5538
4241,30.81,3.555
4242,30.81,3.5562
4243,30.82,3.5562
4244,30.82,3.5575
4245,30.82,3.5587
4246,30.82,3.5587
4247,30.83,3.56
4248,30.83,3.56
4249,30.83,3.5612
4250,30.83,3.5625
4251,30.83,3.5625
4252,30.83,3.5638
4253,30.84,3.565
4254,30.84,3.5662
4255,30.84,3.5662
4256,30.84,3.5675
4257,30.85,3.5675
4258,30.85,3.5687
4259,30.85,3.57
4260,30.85,3.57
4261,30.85,3.5712
4262,30.85,3.5725
4263,30.85,3.5725
4264,30.85,3.5738
4265,30.86,3.575
4266,30.86,3.575
4267,30.86,3.5762
4268,30.86,3.5775
4269,30.86,3.5775
4270,30.87,3.5787
4271,30.87,3.58
4272,30.87,3.58
4273,30.87,3.5812
4274,30.87,3.5825
4275,30.87,3.5825
4276,30.87,3.5838
4277,30.88,3.585
4278,30.88,3.585
4279,30.88,3.5862
4280,30.89,3.5875
4281,30.89,3.5875
4282,30.89,3.5887
4283,30.89,3.59
4284,30.89,3.59
4285,30.89,3.5912
4286,30.9,3.5925
4287,30.9,3.5925
4288,30.9,3.5938
4289,30.9,3.595
4290,30.91,3.595
4291,30.91,3.5962
4292,30.91,3.5975
4293,30.91,3.5975
4294,30.91,3.5987
4295,30.91,3.6
4296,30.91,3.6
4297,30.92,3.6012
4298,30.92,3.6025
4299,30.92,3.6025
4300,30.93,3.6037
4301,30.93,3.605
4302,30.93,3.605
4303,30.93,3.6062
4304,30.93,3.6075
4305,30.93,3.6075
4306,30.93,3.6087
4307,30.94,3.61
4308,30.94,3.61
4309,30.94,3.6112
4310,30.94,3.6125
4311,30.94,3.6125
4312,30.94,3.6137
4313,30.95,3.615
4314,30.95,3.615
4315,30.95,3.6163
4316,30.95,3.6175
4317,30.95,3.6175
4318,30.96,3.6187
4319,30.96,3.62
4320,30.96,3.62
4321,30.94,3.6212
4322,30.95,3.6225
4323,30.96,3.6225
4324,30.96,3.6237
4325,30.97,3.625
4326,30.97,3.625
4327,30.97,3.6263
4328,30.98,3.6275
4329,30.98,3.6275
4330,30.98,3.6287
4331,30.99,3.63
4332,30.99,3.63
4333,30.99,3.6312
4334,30.99,3.6325
4335,30.99,3.6325
4336,30.99,3.6337
4337,30.99,3.635
4338,31.0,3.635
4339,31.0,3.6363
4340,31.0,3.6375
4341,31.0,3.6375
4342,31.0,3.6387
4343,31.01,3.64
4344,31.01,3.64
4345,31.01,3.6412
4346,31.01,3.6425
4347,31.02,3.6425
4348,31.02,3.6437
4349,31.02,3.645
4350,31.02,3.645
4351,31.02,3.6463
4352,31.02,3.6475
4353,31.03,3.6475
4354,31.03,3.6487
4355,31.03,3.65
4356,31.03,3.65
4357,31.03,3.6512
4358,31.03,3.6525
4359,31.03,3.6525
4360,31.04,3.6537
4361,31.04,3.655
4362,31.04,3.6562
4363,31.04,3.6562
4364,31.05,3.6575
4365,31.05,3.6587
4366,31.05,3.6587
4367,31.05,3.66
4368,31.05,3.6612
4369,31.06,3.6612
4370,31.06,3.6625
4371,31.06,3.6637
4372,31.06,3.6637
4373,31.06,3.665
4374,31.07,3.6662
4375,31.07,3.6662
4376,31.07,3.6675
4377,31.07,3.6687
4378,31.07,3.6687
4379,31.07,3.67
4380,31.07,3.6712
4381,31.08,3.6712
4382,31.08,3.6725
4383,31.08,3.6737
4384,31.08,3.6737
4385,31.09,3.675
4386,31.09,3.6762
4387,31.09,3.6762
4388,31.09,3.6775
4389,31.09,3.6787
4390,31.09,3.6787
4391,31.09,3.68
4392,31.1,3.6812
4393,31.1,3.6812
4394,31.1,3.6825
4395,31.1,3.6837
4396,31.11,3.6837
4397,31.1,3.685
4398,31.11,3.6862
4399,31.11,3.6862
4400,31.11,3.6875
4401,31.11,3.6888
4402,31.12,3.6888
4403,31.12,3.69
4404,31.12,3.6912
4405,31.12,3.6912
4406,31.12,3.6925
4407,31.12,3.6937
4408,31.13,3.6937
4409,31.13,3.695
4410,31.13,3.6962
4411,31.13,3.6962
4412,31.14,3.6975
4413,31.14,3.6988
4414,31.14,3.6988
4415,31.14,3.7
4416,31.14,3.7012
4417,31.15,3.7012
4418,31.15,3.7025
4419,31.15,3.7037
4420,31.15,3.7037
4421,31.15,3.705
4422,31.15,3.7062
4423,31.15,3.7062
4424,31.16,3.7075
4425,31.16,3.7088
4426,31.16,3.7088
4427,31.16,3.71
4428,31.17,3.7112
4429,31.17,3.7112
4430,31.16,3.7125
4431,31.17,3.7137
4432,31.17,3.7137
4433,31.17,3.715
4434,31.17,3.7162
4435,31.18,3.7162
4436,31.18,3.7175
4437,31.18,3.7188
4438,31.18,3.7188
4439,31.18,3.72
4440,31.18,3.7212
4441,31.18,3.7212
4442,31.19,3.7225
4443,31.19,3.7225
4444,31.19,3.7237
4445,31.19,3.725
4446,31.19,3.725
4447,31.2,3.7262
4448,31.2,3.7275
4449,31.2,3.7275
4450,31.21,3.7287
4451,31.21,3.73
4452,31.21,3.73
4453,31.21,3.7312
4454,31.22,3.7325
4455,31.22,3.7325
4456,31.22,3.7337
4457,31.22,3.735
4458,31.22,3.735
4459,31.23,3.7362
4460,31.22,3.7375
4461,31.23,3.7375
4462,31.23,3.7387
4463,31.23,3.74
4464,31.24,3.74
4465,31.24,3.7412
4466,31.24,3.7425
4467,31.24,3.7425
4468,31.24,3.7437
4469,31.24,3.745
4470,31.25,3.745
4471,31.25,3.7462
4472,31.25,3.7475
4473,31.25,3.7475
4474,31.25,3.7487
4475,31.26,3.75
4476,31.26,3.75
4477,31.26,3.7513
4478,31.26,3.7525
4479,31.26,3.7525
4480,31.27,3.7537
4481,31.26,3.755
4482,31.27,3.755
4483,31.27,3.7562
4484,31.27,3.7575
4485,31.27,3.7575
4486,31.28,3.7587
4487,31.28,3.76
4488,31.28,3.76
4489,31.28,3.7613
4490,31.29,3.7625
4491,31.29,3.7625
4492,31.29,3.7637
4493,31.29,3.765
4494,31.29,3.765
4495,31.29,3.7662
4496,31.3,3.7675
4497,31.3,3.7675
4498,31.3,3.7687
4499,31.3,3.77
4500,31.31,3.77
4501,31.31,3.7713
4502,31.31,3.7725
4503,31.31,3.7725
4504,31.31,3.7737
4505,31.31,3.775
4506,31.31,3.775
4507,31.32,3.7762
4508,31.32,3.7775
4509,31.32,3.7775
4510,31.32,3.7787
4511,31.33,3.78
4512,31.33,3.78
4513,31.33,3.7812
4514,31.33,3.7825
4515,31.33,3.7825
4516,31.34,3.7837
4517,31.33,3.785
4518,31.34,3.7862
4519,31.34,3.7862
4520,31.34,3.7875
4521,31.34,3.7875
4522,31.35,3.7887
4523,31.35,3.79
4524,31.35,3.7912
4525,31.35,3.7912
4526,31.35,3.7925
4527,31.36,3.7937
4528,31.36,3.7937
4529,31.36,3.795
4530,31.36,3.7962
4531,31.37,3.7962
4532,31.36,3.7975
4533,31.37,3.7987
4534,31.37,3.7987
4535,31.37,3.8
4536,31.37,3.8012
4537,31.37,3.8012
4538,31.38,3.8025
4539,31.38,3.8037
4540,31.38,3.8037
4541,31.38,3.805
4542,31.38,3.8062
4543,31.39,3.8062
4544,31.39,3.8075
4545,31.39,3.8087
4546,31.39,3.8087
4547,31.39,3.81
4548,31.39,3.8112
4549,31.4,3.8112
4550,31.4,3.8125
4551,31.4,3.8138
4552,31.4,3.8138
4553,31.4,3.815
4554,31.4,3.8162
4555,31.41,3.8162
4556,31.41,3.8175
4557,31.41,3.8187
4558,31.41,3.8187
4559,31.42,3.82
4560,31.42,3.8212
4561,31.42,3.8212
4562,31.42,3.8225
4563,31.42,3.8238
4564,31.42,3.8238
4565,31.42,3.825
4566,31.43,3.8262
4567,31.43,3.8262
4568,31.43,3.8275
4569,31.43,3.8287
4570,31.43,3.8287
4571,31.44,3.83
4572,31.44,3.8312
4573,31.44,3.8312
4574,31.44,3.8325
4575,31.44,3.8325
4576,31.44,3.8338
4577,31.45,3.835
4578,31.45,3.8362
4579,31.46,3.8362
4580,31.45,3.8375
4581,31.46,3.8387
4582,31.46,3.8387
4583,31.46,3.84
4584,31.46,3.8412
4585,31.46,3.8412
4586,31.47,3.8425
4587,31.47,3.8425
4588,31.47,3.8438
4589,31.47,3.845
4590,31.47,3.8462
4591,31.48,3.8462
4592,31.48,3.8475
4593,31.48,3.8487
4594,31.48,3.8487
4595,31.48,3.85
4596,31.48,3.85
4597,31.49,3.8512
4598,31.49,3.8525
4599,31.49,3.8525
4600,31.49,3.8537
4601,31.49,3.855
4602,31.5,3.855
4603,31.5,3.8562
4604,31.5,3.8575
4605,31.5,3.8575
4606,31.5,3.8587
4607,31.5,3.86
4608,31.5,3.86
4609,31.51,3.8612
4610,31.51,3.8625
4611,31.51,3.8625
4612,31.51,3.8637
4613,31.52,3.865
4614,31.52,3.865
4615,31.52,3.8662
4616,31.52,3.8675
4617,31.52,3.8675
4618,31.53,3.8687
4619,31.53,3.87
4620,31.53,3.87
4621,31.54,3.8712
4622,31.53,3.8725
4623,31.54,3.8725
4624,31.54,3.8737
4625,31.54,3.875
4626,31.54,3.875
4627,31.54,3.8763
4628,31.55,3.8775
4629,31.55,3.8775
4630,31.55,3.8787
4631,31.56,3.88
4632,31.55,3.88
4633,31.56,3.8812
4634,31.56,3.8825
4635,31.56,3.8825
4636,31.56,3.8837
4637,31.56,3.885
4638,31.57,3.885
4639,31.57,3.8863
4640,31.57,3.8875
4641,31.57,3.8875
4642,31.57,3.8887
4643,31.58,3.89
4644,31.58,3.89
4645,31.58,3.8912
4646,31.58,3.8925
4647,31.58,3.8925
4648,31.58,3.8937
4649,31.58,3.895
4650,31.59,3.895
4651,31.59,3.8963
4652,31.59,3.8975
4653,31.59,3.8975
4654,31.6,3.8987
4655,31.6,3.9
4656,31.6,3.9
4657,31.6,3.9012
4658,31.6,3.9025
4659,31.6,3.9025
4660,31.6,3.9037
4661,31.6,3.905
4662,31.61,3.905
4663,31.61,3.9062
4664,31.61,3.9062
4665,31.62,3.9075
4666,31.62,3.9087
4667,31.62,3.91
4668,31.62,3.91
4669,31.63,3.9112
4670,31.63,3.9125
4671,31.63,3.9125
4672,31.63,3.9137
4673,31.64,3.915
4674,31.64,3.915
4675,31.64,3.9162
4676,31.64,3.9175
4677,31.64,3.9175
4678,31.65,3.9187
4679,31.65,3.92
4680,31.65,3.92
4681,31.65,3.9212
4682,31.65,3.9225
4683,31.66,3.9225
4684,31.66,3.9237
4685,31.66,3.925
4686,31.66,3.925
4687,31.66,3.9262
4688,31.66,3.9275
4689,31.66,3.9275
4690,31.67,3.9287
4691,31.67,3.93
4692,31.67,3.93
4693,31.67,3.9312
4694,31.68,3.9325
4695,31.68,3.9325
4696,31.68,3.9337
4697,31.68,3.935
4698,31.68,3.935
4699,31.68,3.9362
4700,31.69,3.9375
4701,31.69,3.9375
4702,31.69,3.9388
4703,31.69,3.94
4704,31.69,3.94
4705,31.7,3.9412
4706,31.7,3.9425
4707,31.7,3.9425
4708,31.7,3.9437
4709,31.7,3.945
4710,31.71,3.945
4711,31.71,3.9462
4712,31.71,3.9475
4713,31.71,3.9475
4714,31.72,3.9488
4715,31.72,3.95
4716,31.72,3.95
4717,31.72,3.9512
4718,31.73,3.9525
4719,31.72,3.9525
4720,31.72,3.9537
4721,31.73,3.955
4722,31.73,3.9562
4723,31.73,3.9562
4724,31.74,3.9575
4725,31.74,3.9575
4726,31.74,3.9588
4727,31.74,3.96
4728,31.74,3.9612
4729,31.74,3.9612
4730,31.75,3.9625
4731,31.75,3.9625
4732,31.75,3.9637
4733,31.75,3.965
4734,31.75,3.9662
4735,31.75,3.9662
4736,31.76,3.9675
4737,31.76,3.9688
4738,31.76,3.9688
4739,31.76,3.97
4740,31.76,3.9712
4741,31.77,3.9712
4742,31.77,3.9725
4743,31.77,3.9737
4744,31.77,3.9737
4745,31.77,3.975
4746,31.78,3.9762
4747,31.78,3.9762
4748,31.78,3.9775
4749,31.78,3.9787
4750,31.79,3.9787
4751,31.78,3.98
4752,31.78,3.9812
4753,31.79,3.9812
4754,31.79,3.9825
4755,31.79,3.9837
4756,31.8,3.9837
4757,31.8,3.985
4758,31.8,3.9862
4759,31.8,3.9862
4760,31.8,3.9875
4761,31.81,3.9887
4762,31.81,3.9887
4763,31.81,3.99
4764,31.81,3.9912
4765,31.81,3.9912
4766,31.81,3.9925
4767,31.81,3.9937
4768,31.82,3.9937
4769,31.82,3.995
4770,31.83,3.9962
4771,31.82,3.9962
4772,31.82,3.9975
4773,31.83,3.9987
4774,31.83,3.9987
4775,31.83,4.0
4776,31.83,4.0012
4777,31.84,4.0012
4778,31.84,4.0025
4779,31.84,4.0037
4780,31.84,4.0037
4781,31.84,4.005
4782,31.85,4.0062
4783,31.85,4.0062
4784,31.85,4.0075
4785,31.85,4.0087
4786,31.85,4.0087
4787,31.86,4.01
4788,31.86,4.0113
4789,31.86,4.0113
4790,31.87,4.0125
4791,31.86,4.0138
4792,31.87,4.0138
4793,31.87,4.015
4794,31.87,4.0163
4795,31.87,4.0163
4796,31.87,4.0175
4797,31.87,4.0187
4798,31.88,4.0187
4799,31.88,4.02
4800,31.88,4.0212
4801,31.89,4.0212
4802,31.89,4.0225
4803,31.88,4.0237
4804,31.89,4.0237
4805,31.89,4.025
4806,31.89,4.0262
